frame,id,lobeDist,intensity[photon],offset[photon],UncertaintyX,UncertaintyY,UncertaintyZ,x[nm],y[nm],z[nm],Probe
25,1,6.12309999253398,2874.15703119808,22.2265593365548,16.401048770579,16.923054462968,25.2452909725746,19317.6113542629,28526.5743274228,944.344802860906,0
26,2,6.48281956224501,3207.75519219953,22.2483950607853,15.2108214328345,15.6601714236197,23.403655671695,19293.4481444925,28487.0865943337,969.670508283488,0
27,3,8.27752163567654,3090.6328999476,22.4704745703147,15.6322072065917,16.1093318344771,24.0562302697215,20393.8007180116,29744.0182475897,-1402.85957740993,0
71,4,8.16571018290062,2049.80234051271,22.1212322860111,20.8055123519981,21.6230754683451,32.0676583591621,30922.7115548733,23779.9427727747,561.320087929046,0
72,5,10.8526963354192,2876.36808964571,22.1329526686814,16.3790429842049,16.8986038423064,25.2109380961829,29675.7845625685,23875.8418025817,-1002.56424414018,0
133,6,7.18204277093734,2631.83623411376,20.6757813540457,17.1916337325478,17.7446010015497,26.4637950830742,20475.7607881546,17823.0012145886,1080.90551228078,0
134,7,7.06652604718708,2902.27146211377,20.6757813540457,16.0704463161881,16.5541121535879,24.7287486467725,20493.6667703669,17797.857015352,1030.77100401024,0
135,8,6.94131362710591,2723.72870611377,20.6757813540457,16.788078831818,17.3157627095916,25.8391974408719,20498.3774895174,17806.9625637568,1087.62367473227,0
136,9,7.34377144288271,2982.93067411377,20.6757813540457,15.7717766864807,16.2374891549062,24.266694388945,20531.6067058042,17823.0248938559,1089.40048224096,0
137,10,6.94688344986633,3233.5175907179,20.729794604489,14.9368462739177,15.3541369449774,22.9755078664026,20639.9905399896,17938.1598760727,966.872122225102,0
227,11,6.6468681459812,2650.48604765401,22.4376915280071,17.3847117537285,17.9720839645976,26.7687737004584,20704.7036524024,28204.939932117,1033.49615142026,0
230,12,8.15475856645589,2594.3196276979,22.3110375694712,17.6275222386606,18.2292078273895,27.1443331628407,19187.7520717648,28838.7123510143,1194.59538260252,0
252,13,6.45184892260916,1464.24053426259,20.9158750399449,26.2902522074883,27.501008641986,40.5703571861565,21008.5476076935,18437.7904337854,827.128298178931,0
253,14,6.75705265805812,1684.04796693483,21.6479998060596,23.8945648510421,24.9332271915126,36.8563387450219,21637.9802801178,23667.7758612103,973.679319654478,0
411,15,7.97657938636509,2301.7800605689,21.9335780405941,19.1133353455287,19.809584407443,29.444390259942,18762.9641362571,28967.0144492128,-1483.80568425001,0
422,16,9.41776383655138,2923.77312098269,20.4544925378355,15.9576765830515,16.4319369588016,24.5535655200181,25645.5875085091,11144.8713571635,-1258.86683780314,0
470,17,6.3779507248783,1991.9204486942,21.3088339506717,21.0647447622012,21.8881751623247,32.4660241946016,20209.158885564,21732.9086889058,644.094622987324,0
471,18,5.85688732021598,2226.55372852353,21.3209991006264,19.453592659246,20.1644003065604,29.9691580601303,20204.6429340461,21736.5465629569,676.710884162508,0
472,19,6.22618250955045,2044.05127034653,21.2894922411134,20.6727163920129,21.4679540470386,31.8582641104794,20213.4511453596,21664.2990072894,737.665544955603,0
473,20,5.79091525720581,2029.85433756126,21.3100834001641,20.780904545227,21.5841341275873,32.0260460430405,20987.7330428812,21290.5286174201,748.499527352407,0
474,21,6.36673283765484,1945.47273156126,21.3100834001641,21.4268125350123,22.2762641282179,33.0273323311857,20991.9362379405,21358.6615882944,657.28971602317,0
475,22,6.46334133616633,2357.2818358273,21.3226361093412,18.6835623938301,19.3422444090215,28.7762825592747,21035.9360453296,21359.3011191184,591.183074502429,0
476,23,6.17098337249398,2770.25763248648,21.548619746162,16.7245805628624,17.258972906409,25.7438623405675,21162.0445673437,23319.0314713137,844.091142409616,0
477,24,6.11327267094966,2430.81505812448,21.6791131268607,18.3455438916453,18.9865211648461,28.2540747374758,20645.1614426473,24417.3720696918,726.206637565435,0
478,25,6.14775331696355,1592.85789087749,21.6575748661415,24.9028551750262,26.0194540105798,38.4210027593601,20589.7736385205,24384.7128238719,792.213125357898,0
479,26,6.55724929037987,1985.73565287749,21.6575748661415,21.1881346702578,22.025980956393,32.6588429963274,20605.35510268,24398.1529855124,767.363296342249,0
480,27,6.02039954577315,1874.90871188759,21.6936295847754,22.0974503550615,23.0020934171788,34.0689420390271,20598.2833421611,24473.4980261727,778.543311609715,0
481,28,5.96867111008669,2471.21860988759,21.6936295847754,18.1364223713052,18.763718668044,27.9302497661734,20618.9344012404,24549.6462920396,686.816122630789,0
482,29,6.04628124347774,2326.68399788759,21.6936295847754,18.9243860747149,19.6044397061541,29.1507456340344,20611.0407983065,24519.7329184956,696.597647743175,0
483,30,5.9476080495683,2060.10331988759,21.6936295847754,20.6415465797689,21.440851851517,31.8116804860084,20630.8823008562,24570.5066344224,713.089701091735,0
484,31,6.12575722383252,1989.37783388759,21.6936295847754,21.1679337204364,22.0048972225374,32.6276826255,20615.463328616,24555.2517008125,703.636894299428,0
485,32,6.21571044930651,2050.27972388759,21.6936295847754,20.7126531726962,21.5170163930373,31.9219014166712,20619.0041499658,24546.1941123795,733.885163950358,0
486,33,6.04968516754621,2013.49739124865,21.7151781479457,20.9891938450428,21.8136525261035,32.3506788835808,20614.864221192,24582.3939600505,736.529009243271,0
488,34,6.37102809534531,3297.37004456496,21.804798605006,14.8734793323432,15.2983283776927,22.8806094022176,21675.035472007,24990.6840039873,875.209496139463,0
499,35,7.16282803758017,2286.52204280425,20.7788663294135,18.9886013868296,19.6600107312825,29.2466448625762,18715.9932993604,18722.0328030678,1175.31281188235,0
500,36,7.45849041332582,2603.94396973212,20.7670731367333,17.3340853296851,17.8972508148679,26.6846236576737,18704.3392181297,18764.2360757375,1243.15029828171,0
557,37,6.52586848809194,1443.12115167213,21.6891217276074,26.8212285122043,28.0902691797057,41.3991004324778,28307.3784990832,20844.9522794145,907.518854462869,0
558,38,6.65303881808293,1733.84232567213,21.6891217276074,23.3976947833267,24.3993195888249,36.0856761823034,28291.7529751478,20829.2048892648,884.015006571743,0
559,39,6.52456329417659,1556.81936367213,21.6891217276074,25.3397270585014,26.4910734865113,39.0992127020295,28264.1638594657,20836.0913406386,843.456075863508,0
560,40,6.29374474763646,1688.54444635024,21.6414291516563,23.8458886155104,24.8807155958026,36.7807830396681,28293.9496735859,20820.7505705772,904.777932960913,0
561,41,6.146095990973,2154.13963391567,21.6356514802496,19.979715310863,20.7315302728021,30.7856759001559,28307.1447849726,20787.3079050813,873.35288446753,0
611,42,8.59926698960915,2485.98650263591,21.8300071850121,18.0836062704711,18.7091995635295,27.8489466003309,29736.8847164037,19161.6619787341,1236.79997605859,0
616,43,7.86489435499054,5235.08623494075,21.7374450236996,10.9477521916873,11.164659812931,16.8150266810278,29826.3311500781,18352.5394173493,-1377.03335678115,0
623,44,10.0171203622103,2932.22018917626,20.4502612363972,15.9256186995764,16.3979073162087,24.5039583212362,21071.6161634487,16930.6462559868,-1100.51985169736,0
624,45,10.922177034644,2543.02969353523,20.4046938656834,17.5612363807302,18.1340813028609,27.0349403351633,21110.7042220888,16940.6266867779,-1189.91895360512,0
685,46,6.31988816897142,3017.3817987379,21.2348103481113,15.7253531617815,16.1946398046218,24.1966289184597,25473.393016168,20682.9115737225,895.374458926144,0
687,47,6.64061323068062,2704.5753103154,21.2646523756304,16.9615676697065,17.507433481897,26.1097270919194,25494.8372963476,20681.6561724553,911.133817185308,0
693,48,7.91041226486525,1665.81908023415,20.6756067418851,23.8267565041025,24.8422432412743,36.7461637847665,18086.6340304079,21287.3540706857,1208.75255223539,0
694,49,6.4884622537607,2558.09646121068,20.6480336353729,17.5298256305466,18.1039002339314,26.987205429339,20535.5910384797,19320.5386256724,764.457027233413,0
757,50,6.94037333949644,1655.90609747448,21.7051928139029,24.2091507704736,25.2729671844601,37.3447436105831,28125.499871513,20396.3865659415,1055.80395762566,0
758,51,6.92968945105211,1661.59189014257,21.7156841645558,24.1506534160558,25.2101666134786,37.2540278390215,28100.1816158174,20426.3817353936,979.391705131106,0
767,52,7.9637980203926,3212.08237739273,21.4940702515522,15.1018217366025,15.5368397507848,23.2328847504597,28773.9318578862,17623.4040954331,-1450.83331537943,0
768,53,8.20403153319536,2958.82742939273,21.4940702515522,15.9740764017922,16.4613535731468,24.5822513074834,28814.3704190377,17614.9897325,-1493.16429815054,0
772,54,9.03121443079455,2176.75336775977,21.4314580843861,19.7910694770263,20.5267422969419,30.4925098635627,29067.9450269262,17060.7813570529,-1294.77758645484,0
774,55,8.61935923465306,2718.67877686254,21.4573048894792,16.9300368329677,17.4762764566952,26.0615726729249,28743.4723923095,17384.014767187,-1411.56789973666,0
775,56,8.15645796483031,2577.17964418412,21.4811691809266,17.5758002009408,18.1636568269609,27.0613646394138,28762.7399344808,17454.7588984093,-1323.68823863643,0
780,57,7.07446933521809,2656.6612455424,21.7934180573125,17.2563557782776,17.8275316774771,26.5678662546727,22457.3390484083,22957.68706281,1042.96530023935,0
781,58,6.72238889233671,3774.7230315424,21.7934180573125,13.5765453602528,13.9277102316493,20.875370821473,22476.8958840904,22938.8203436467,1049.45355396095,0
781,59,11.0742644826056,4088.95213741191,21.8071143737108,12.8738956658977,13.1873036098314,19.7895703638216,23876.0975949341,22784.2866622351,-1418.24145837055,0
782,60,6.73479753788603,4119.4960095424,21.7934180573125,12.8092575726486,13.1191395122337,19.6896707974052,22497.8146123659,22926.6645513425,1034.91123944705,0
783,61,6.69323671610574,4111.0600515424,21.7934180573125,12.8266627253941,13.1374618134909,19.7165619250295,22483.4114973408,22940.1824489061,1034.93709239795,0
784,62,7.06501970518369,3889.4564655424,21.7934180573125,13.3077886892488,13.6442973006151,20.4600038697937,22503.8901374612,22917.632769661,995.201201589198,0
784,63,6.59241913148481,3499.18381717703,22.3031314950623,14.3439094656382,14.742961193186,22.0630048888718,23119.191357471,27905.951079307,909.358456230143,0
785,64,6.92010713149813,3461.7555975424,21.7934180573125,14.3898810938973,14.7866445580169,22.1327325901848,22503.1619137671,22941.8346443096,1002.0435547343,0
785,65,6.55426514442993,3565.36275889961,22.3199148043833,14.165295449062,14.5542756846435,21.786864226267,23126.4941837476,27907.5037397439,926.37525026643,0
785,66,6.63937450599808,2135.53856002791,21.3553083857479,20.0477194967809,20.8000804485552,30.8899052821741,19861.072295974,20960.2862824075,880.686286003149,0
786,67,6.46917927532994,2423.03168810727,21.3730222995229,18.3337625658958,18.9698381787947,28.2346935356133,19888.3620028442,20925.6032377704,927.131139281484,0
786,68,6.64559663232861,2130.00360517703,22.3031314950623,20.2748843274867,21.0573239825249,31.2458645329309,23113.1869268519,27931.3627003449,885.5377883435,0
787,69,7.04839860186157,3006.38815857456,21.9032511907029,15.855857837565,16.340496619204,24.4005932551812,22081.8790918203,24249.5109987767,1096.63510569754,0
787,70,6.73518994717254,2320.17950685916,21.3303440788961,18.8955219315432,19.5685476082354,29.1046336903437,19829.951507432,20932.4690024377,850.588970596608,0
788,71,6.42141796815894,2896.40470402791,21.3553083857479,16.1903409225362,16.6892632039167,24.9164479935106,19816.6096574047,20959.746020255,879.091596680234,0
792,72,6.67343524756276,2591.39328349531,20.9802308090745,17.4271804621292,17.9990361323412,26.8294976529634,21004.8688381159,18645.6202784138,796.413223565536,0
793,73,6.70339893125264,2977.90553149531,20.9802308090745,15.8324774324081,16.3053249386898,24.3615615094477,20990.5887085541,18683.1739314815,839.736399200291,0
795,74,8.40808758582167,2911.05994060595,21.5905987005386,16.1675413878383,16.667774536672,24.8819148495503,29781.8397439403,18018.2139938663,-1414.04167961739,0
797,75,7.67149745027422,3263.06157284893,21.2966770028446,14.9164056065441,15.3385102196655,22.9455507240787,17664.5645516482,23559.8329552959,1229.08521696566,0
863,76,6.96467301616352,2469.73829978794,21.7359780012105,18.1512554721599,18.7800912811808,27.953375595307,27557.24482592,23733.6361946682,1048.2050256614,0
864,77,6.61424488067839,3203.55651578794,21.7359780012105,15.1598521623608,15.6008368935899,23.3233432771407,27572.1152036078,23748.273907569,1035.03855203379,0
865,78,6.89722440574914,3075.60748178794,21.7359780012105,15.5879145316075,16.0544632196672,23.9855275412423,27547.0494861387,23746.4821751336,1029.54786607113,0
870,79,7.44223035863086,2320.90730897642,21.9372503408866,19.0020487524335,19.690753596626,29.2719900222483,25713.167860549,26678.0277779325,1052.97440640393,0
871,80,6.94223001980554,2443.08553097642,21.9372503408866,18.3249136090812,18.9679487954326,28.223067292871,25728.4388305718,26689.1177766005,1057.99512968146,0
963,81,7.3022521298148,3016.26396145478,21.3552594456439,15.7457861437633,16.2176529967756,24.228612067705,26867.3537500268,20321.2019857086,1146.32601354293,0
964,82,7.46343575845902,3113.53077745478,21.3552594456439,15.4078014288472,15.8594270468272,23.7057564356287,26882.401127525,20322.6712322073,1069.28859443354,0
965,83,7.28296803098361,3138.83865145478,21.3552594456439,15.3229589477098,15.7695488263469,23.5745192322224,26896.1716714099,20330.4460806033,1121.38974924072,0
965,84,8.18546232859567,3452.89225750364,21.0697203053391,14.3301492403554,14.7163647086624,22.0384065714066,22276.8091586733,20560.2525622449,-1349.31991009797,0
966,85,8.5754499678918,3478.06797550364,21.0697203053391,14.26027146203,14.6425548667914,21.9303763168059,22270.0660090296,20550.7723248703,-1472.43538197652,0
967,86,8.3999617008505,3228.31516150364,21.0697203053391,14.9964405468244,15.4208073815388,23.0686658436629,22307.0112214012,20573.6519857121,-1402.26755002324,0
968,87,8.62962864145827,3741.25664950364,21.0697203053391,13.5803011375037,13.9250281210235,20.8793431782735,22271.7193410985,20529.1796847618,-1422.62721781269,0
969,88,9.11190739901797,2981.16888331861,21.0465289035481,15.8298290044435,16.3032742639583,24.3576728345055,22350.2297758908,20678.5977035271,-1089.69919556129,0
1117,89,8.37875521358494,2601.5937392689,20.6840904529063,17.3314461635465,17.8933676098207,26.6802418110803,17050.0597313547,23583.9657859873,-1479.31250239796,0
1118,90,8.84866852707058,2725.68543429626,20.6839429324546,16.7810166808385,17.3083632807674,25.8282960444077,16919.3655160484,23644.5415296436,-1514.26434720738,0
1149,91,9.24518046863812,2029.78468603152,20.1141677364883,20.5233664817211,21.2892998199646,31.6216124628152,26762.7507996437,11088.2611937782,-1284.15142742811,0
1158,92,7.80044603810307,2366.60248328679,21.6223105641525,18.6852433111977,19.3481727849732,28.7800251245997,25967.7413681425,25074.6515832204,-1467.64520973571,0
1177,93,8.5384584166354,2105.53789383846,22.2177265102182,20.4268376533605,21.2188064258877,31.4810516931842,21534.8291096015,30470.2235149813,-1454.58373646446,0
1178,94,8.67394915988526,1848.44932711046,22.2386464892032,22.4554731507445,23.3956940543403,34.6266977097518,21532.8000062742,30457.1161440508,-1407.39390676512,0
1180,95,8.54170594836336,2273.65150506796,22.1911402730258,19.3288587912812,20.0434995805427,29.779311385441,21481.0443795802,30497.7223873218,-1505.90956531812,0
1181,96,8.60580308691499,2235.81083706796,22.1911402730258,19.5615883306518,20.2923428349973,30.1399386781079,21517.1821827677,30444.8224256894,-1494.01054324854,0
1183,97,7.37219840363269,2811.04022603079,21.9310076728809,16.6123472529439,17.1442117573567,25.5713950152108,19756.6482690037,28907.7167382544,1075.00440459603,0
1184,98,6.97526483401704,3392.59614205849,21.9111218458175,14.6015869630825,15.0116881923734,22.4604197880817,19746.7711364832,28920.9462064895,1106.68244481922,0
1185,99,7.076814577716,3341.42630603079,21.9310076728809,14.7552576536071,15.1744820982114,22.6981236888107,19784.2391896529,28905.3224088378,1102.65715874907,0
1186,100,7.09388184861919,3557.52339203079,21.9310076728809,14.1428856616632,14.5269187710418,21.7512027800994,19783.3365882175,28909.1745327957,1106.54201766274,0
1187,101,6.8639236839071,3732.12349403079,21.9310076728809,13.6947178329829,14.0536491099354,21.0583723813613,19773.225883954,28915.302885538,1138.74698100495,0
1188,102,6.99350000455249,3506.77548803079,21.9310076728809,14.2806110488163,14.6724701742432,21.9641455209029,19780.2631632845,28894.337496089,1095.03070568813,0
1189,103,6.76583977740449,3541.44441203079,21.9310076728809,14.1861401887408,14.5726255521563,21.8180788006161,19752.627112514,28895.9563891807,1058.44800245199,0
1190,104,6.86865754260919,3812.1893956756,21.9487424259153,13.5033393841312,13.851882886616,20.7626081615442,19756.4373031701,28901.6825832334,1084.06287209896,0
1191,105,7.16929716325635,3528.0980476756,21.9487424259153,14.224319155103,14.6131431028019,21.8771554568662,19771.1261699065,28938.0497612251,1154.24085949111,0
1192,106,6.28355515625145,3695.95837283667,21.9166239837309,13.7828922471255,14.1465854490888,21.1946340887307,19844.1653316692,28713.7946928806,1032.94044610675,0
1193,107,9.29123043241431,3414.53653727349,22.001415892883,14.5485712611033,14.9564986745564,22.3786813448172,20581.4955157609,28822.4181187983,-1120.85264974031,0
1195,108,6.90307387809089,2231.78502530403,21.0075244934375,19.3609175703394,20.0608123533806,29.8243143776741,22610.951589751,21461.0541545647,769.808447212462,0
1256,109,8.50758409675781,1980.24168755771,19.5467810954847,20.7612015142447,21.5341551989356,31.9875482448705,22364.5827949695,10640.9935758656,-1342.5355629466,0
1257,110,8.45990015707745,2551.99259555771,19.5467810954847,17.3735256631563,17.9229280101888,26.7411954469107,22366.2114428479,10617.2190624502,-1361.23262166231,0
1258,111,9.05448541328573,2559.30522755771,19.5467810954847,17.339192581839,17.8864529020605,26.6880592727079,22409.9493840033,10606.5068363334,-1420.01575714713,0
1259,112,8.72173846956424,2408.05268555771,19.5467810954847,18.0876847894936,18.6822361072569,27.8466389037514,22379.6550048719,10614.1486691747,-1393.83778760919,0
1260,113,8.34879447385334,2825.07194244625,19.5249197554308,16.1978317587559,16.6751559309517,24.9219621954398,22374.5370253013,10593.5740409508,-1407.06997922558,0
1261,114,8.60912847877926,2550.82621644625,19.5249197554308,17.3752957722861,17.9245091593191,26.7438525173086,22397.361951333,10621.5954517831,-1483.57551174695,0
1262,115,8.90682449240784,2779.52217444625,19.5249197554308,16.3788397297445,16.8670032479053,25.2019776892762,22373.2205577962,10673.405409142,-1405.3348014418,0
1263,116,8.88325177661814,2822.73718644625,19.5249197554308,16.2069816996113,16.6848519078535,24.9361164409301,22398.5358421036,10696.4569084106,-1354.70246141709,0
1264,117,8.57613243404621,2906.94258444625,19.5249197554308,15.8853616981711,16.344160914556,24.4386288601374,22370.6233813306,10706.328285942,-1353.69276744749,0
1265,118,8.60241256330778,2880.29112444625,19.5249197554308,15.9853252140677,16.4500248844041,24.5932468003669,22338.2831116169,10691.8437321542,-1425.70425330394,0
1266,119,8.68201067505231,3215.19645444625,19.5249197554308,14.8380314964992,15.2365195885642,22.8190909202723,22349.6092429462,10672.0861086767,-1390.04652962444,0
1267,120,8.63061455176519,2789.14753644625,19.5249197554308,16.3401461661778,16.8259859797407,25.1421177539254,22348.082380396,10681.4444725971,-1326.01499350617,0
1268,121,9.06692908765738,2907.22892244625,19.5249197554308,15.8842966620621,16.3430331457635,24.4369815584776,22367.4547052016,10687.2429246764,-1374.35963956498,0
1269,122,8.74439534017877,2551.06850244625,19.5249197554308,17.3741548291481,17.9232970109956,26.7420867112526,22344.1860011071,10639.6157943782,-1309.23927587442,0
1270,123,9.03306980497306,2669.91148485041,19.4502821289579,16.8250892907184,17.3393248834182,25.8921366517354,22381.9264943776,10649.05616423,-1449.64838327265,0
1271,124,8.6331823006617,3129.37384485041,19.4502821289579,15.1009109319211,15.5134191475328,23.2252865117551,22345.3151674241,10679.201212768,-1377.61475805375,0
1272,125,8.59224692264008,3563.79264285041,19.4502821289579,13.842104295151,14.1851514966054,21.2795615568038,22392.9476466451,10671.2245943666,-1279.25048956215,0
1273,126,8.91965675864365,4104.79525485042,19.4502821289579,12.6103152961868,12.8896794225546,19.3767710397273,22392.6253911644,10669.5162839803,-1318.64876705138,0
1274,127,8.47018762961057,3747.40137885041,19.4502821289579,13.3888027198867,13.7079033507447,20.5791897891223,22370.4989867446,10653.4257293656,-1339.88467374147,0
1388,128,9.40428696980304,2753.05750355694,21.2882283955132,16.7576075063667,17.2909306828477,25.7941149829481,25158.0607694719,18647.9752149126,-1165.83473619386,0
1389,129,9.83380954903971,3021.86280755694,21.2882283955132,15.7166718032391,16.1860347378109,24.1833632958426,25168.5084373533,18643.8002514901,-1219.81603879403,0
1391,130,6.43168737943783,2243.1753469639,20.8915345478488,19.268917442308,19.9608641101307,29.681320486414,23162.5941800969,18126.1711711378,935.926508903161,0
1392,131,6.64478303777872,2608.8950509639,20.8915345478488,17.3313987861633,17.8960010533882,26.6809076865985,23191.6299789517,18163.6122893038,928.810497405078,0
1393,132,6.87239938758344,2681.8011109639,20.8915345478488,17.0030285400261,17.5468580940154,26.1726213407317,23159.8249752512,18181.8684598458,880.702866029613,0
1394,133,6.69865436867447,2732.5049629639,20.8915345478488,16.7840468456724,17.3141609115807,25.8336959642762,23166.9855108813,18140.039580514,917.479502868051,0
1435,134,7.80319225754854,3197.64700613727,21.4909206973488,15.1477866958467,15.5854770366809,23.3039695283761,28380.917538488,23983.7705821606,-1453.83680235847,0
1439,135,9.35874716034652,3634.13874460664,21.0289488998517,13.8419079918972,14.2005412792313,21.2835606319369,27320.6719627018,16418.2036458514,-1200.03366810507,0
1440,136,9.10114750743724,3388.8344176839,20.9937254006508,14.5029834742569,14.8982078664062,22.305408695343,27315.3365067239,16420.6804228046,-1209.69423354063,0
1441,137,9.45425812474969,3025.8459376839,20.9937254006508,15.6623343941023,16.1251308918361,24.0983917971819,27300.1218817232,16444.3020379774,-1049.45496054834,0
1485,138,6.38656933511228,1292.71041694829,21.1406837265114,28.9607288298892,30.3922290276086,44.7184125854944,25837.793639877,19550.892324164,894.671108002028,0
1557,139,7.28246048660766,3239.73281666666,21.4943907791973,15.0140869295253,15.4439591356164,23.0971904951216,26542.4552676435,24140.9549204713,1153.88982135682,0
1558,140,6.98221800549778,2879.51961266666,21.4943907791973,16.2756088811946,16.7813942215075,25.0488395594697,26551.0161147093,24167.4997616426,1144.58306725587,0
1559,141,7.44983482833871,3474.24363866666,21.4943907791973,14.3203063137482,14.7101757624961,22.0243496199664,26560.9585602194,24128.4165266554,1129.11877596406,0
1560,142,7.17689041126978,2622.00572084859,21.4793331493638,17.3652749893512,17.939532753841,26.7354140205139,26517.9644902979,24178.1290635027,1017.63532560303,0
1592,143,8.80195091437326,2460.42000512024,19.3269045169469,17.7800212118037,18.3518699550072,27.3695122355943,22170.1325933018,11209.031141093,-1389.88330738081,0
1593,144,9.52353201259971,2420.79745529158,19.3304115229955,17.9821891278867,18.5668920968779,27.6824671274639,22253.5854858989,11112.4900723442,-1440.84838983559,0
1597,145,8.61886151024824,2880.69163880244,19.3792658987246,15.9621458987499,16.4236794892755,24.5568989057033,22526.9006922961,11096.8381529691,-1427.27104674396,0
1598,146,8.48009484563015,2402.94769880244,19.3792658987246,18.0838828190979,18.6757696788406,27.8400861861841,22526.5808058408,11129.8843138574,-1376.19876521501,0
1599,147,8.79063192781262,2089.58379680244,19.3792658987246,19.9470379193156,20.6614428735172,30.7253575185981,22521.9309625741,11070.5458527897,-1455.15336204764,0
1632,148,9.01815284732528,2150.36969423472,21.3068952266235,19.939184436272,20.6832686673652,30.7215142126823,29621.4718566243,22545.6636544445,-1331.49586428109,0
1633,149,8.55133507447511,1997.24494223472,21.3068952266235,21.0238441389759,21.8443209482641,32.4026127196718,29609.6326851316,22566.1397464643,-1240.68380073489,0
1658,150,7.24837742920833,3422.45615827661,21.9289235528207,14.5172728402145,14.922680194355,22.3300852477497,25919.3148629286,28955.5133321832,1229.73533294666,0
1659,151,7.4346883685487,3602.36452627661,21.9289235528207,14.0238535455748,14.4011453885088,21.5671685918009,25900.9126338254,28970.949139829,1165.971676782,0
1660,152,9.07857203421517,4582.15327257303,22.0692496081362,11.9655922176968,12.2342250795136,18.3870827407262,26154.2518441988,29747.2471626469,-1381.14815278909,0
1661,153,8.99852065436216,4739.44093857303,22.0692496081362,11.704260194667,11.9598594243897,17.9835240064245,26159.2344329416,29757.0393777441,-1343.25377695469,0
1662,154,8.91130799857903,4218.52603857304,22.0692496081362,12.6351273748789,12.9381382153644,19.4212739259409,26144.15905395,29754.3590090299,-1361.47860576597,0
1705,155,8.93880367128551,2907.96516114509,22.0340248271613,16.2419091693675,16.7517956740226,24.9983924937742,22539.9223841517,25725.1028482184,-1242.57959234887,0
1706,156,9.06597369581335,3146.77251681502,22.0612498220259,15.3878562681586,15.8458566056087,23.676987230245,22544.322891418,25726.6426971183,-1236.32191778458,0
1707,157,6.53639972280004,2983.21995160832,20.5950938478399,15.7594461977725,16.2234917385593,24.2473635359565,22527.9127192451,17999.4524412608,852.38065088018,0
1707,158,9.10535126601321,3659.36158881503,22.0612498220259,13.8909782063475,14.2620386647179,21.3620882330736,22565.6439700911,25743.0791254413,-1203.44764495639,0
1708,159,6.53991165900011,2625.69391960832,20.5950938478399,17.2064904036315,17.759354499137,26.4865045333026,22545.6208043694,18001.091895391,824.12473337331,0
1708,160,6.87892936076051,2423.48766468457,22.1405021785489,18.4643823858482,19.1194472611314,28.4398352370892,24356.0907634973,25809.1720742241,1025.73283005399,0
1709,161,6.66465268780806,4346.18544827481,20.8956497420461,12.2827368089839,12.5580922092191,18.8743173183241,22975.7585154544,19263.63881871,927.324525707192,0
1709,162,6.72452952684486,2732.51244468457,22.1405021785489,16.9738769855654,17.5311529063758,26.1317089993604,24395.2610858659,25811.7525704231,990.937152236315,0
1710,163,8.11074784674029,2534.46110739372,22.1015223128295,17.8846125059441,18.5005678064158,27.5417355683257,22780.5607316669,25355.0348960344,-1321.56700474115,0
1712,164,6.43780976006333,3622.29964288689,22.1713793416382,13.9984817622681,14.3766093000065,21.5285681410246,22702.3737827501,25884.0022358995,896.572015505832,0
1713,165,6.65112977956473,2584.32778034425,22.1971070705397,17.6570866662542,18.25929076371,27.1897238103863,22727.4527821654,25877.5337233855,916.091953670877,0
1727,166,6.43233786686872,4710.29557886908,22.4117020720109,11.7794354112782,12.0412752991818,18.10030060644,23537.4835877699,26065.1785441419,1128.27862920878,0
1728,167,6.65854766867399,4816.28469086908,22.4117020720109,11.6092957280794,11.8626775853702,17.8375720374212,23496.076857757,26067.5907474466,1149.14536665087,0
1729,168,6.73313454579823,3262.02000086908,22.4117020720109,15.0576893756961,15.49957823597,23.1672344496868,23509.1122735697,26078.0172668032,1031.40090777245,0
1730,169,6.97985795015439,2895.05670538209,22.4771491445765,16.354216265812,16.8761178181,25.1735859893152,23538.2474084456,26050.0416586207,1044.64042677518,0
1731,170,6.66978596601074,2768.37706958465,22.4683213145145,16.8690571817065,17.4234978108126,25.9705032183032,23527.0173616884,26056.5377281412,1052.74631799334,0
1732,171,6.67904818794398,2780.77770758465,22.4683213145145,16.8166549655472,17.3677452383921,25.8893797666892,23514.5001906437,26056.721972502,1084.21377897759,0
1733,172,6.79191323038699,2786.81283158465,22.4683213145145,16.7913053114901,17.3407771262471,25.8501367979783,23509.5724898692,26079.0614021551,1041.00628749408,0
1734,173,6.72489622021751,2726.37348758465,22.4683213145145,17.0497716668333,17.6158148504725,26.2502792160299,23530.7297835456,26063.7064062178,1075.70337444531,0
1734,174,8.72040363313072,2424.51757277296,20.6841465218691,18.2049851605798,18.8231656636879,28.0326731524622,27200.7829721921,14383.6408803714,-1523.41913232405,0
1735,175,6.56160347376996,2948.65987958465,22.4683213145145,16.1467486166808,16.6555763136909,24.8524593734283,23533.7792994162,26051.4172806163,1124.9315385631,0
1735,176,8.15457476026401,2308.37447477296,20.6841465218691,18.8439183614302,19.5042828663307,29.0221678899048,27234.3455562408,14383.7839512786,-1472.64881344257,0
1737,177,8.55614398246246,2578.17094877296,20.6841465218691,17.4407293879705,18.0095976243802,26.84941121567,27226.5715341748,14359.3840113829,-1451.29232058845,0
1738,178,8.5849998332449,2501.23882510647,20.7107073547403,17.8172252475549,18.4105839692953,27.4323768566386,27221.5802676038,14410.0403956686,-1482.90727434136,0
1739,179,8.15503999986276,2626.63284310647,20.7107073547403,17.2208819828586,17.7761462010565,26.5091916716809,27198.3642487536,14426.2699315209,-1487.79977423015,0
1740,180,8.55056630287814,2350.98596802268,20.7446201868035,18.6138568206105,19.2597915152111,28.6660883242134,27183.5535062237,14372.5518338329,-1452.25760143937,0
1741,181,8.60132019757509,2522.95968381767,20.7724073722995,17.7204737247359,18.3084207571249,27.2828098300808,27207.9656257356,14418.6110219578,-1498.24803225808,0
1742,182,8.84343782463599,2538.14089002268,20.7446201868035,17.6418500510568,18.2243736409132,27.1609839192635,27212.5529170117,14385.2155450256,-1491.25094257139,0
1743,183,7.83820233586641,3018.81720306002,22.3385160538588,15.8694990691003,16.3597433137779,24.4230150853125,20381.42704428,27838.7816273212,1203.68295284536,0
1743,184,8.55296228514049,2348.65121202268,20.7446201868035,18.6268729361417,19.2736703516712,28.6862468797128,27176.555319953,14391.667295873,-1428.83555504244,0
1744,185,7.76952199821639,3133.13214306002,22.3385160538588,15.4693775917825,15.9352142230167,23.8039129645238,20383.8337348148,27842.6341738362,1264.51736079146,0
1744,186,8.37027273876214,2356.68540981767,20.7724073722995,18.5872403272657,19.2318045418337,28.6249747790194,27211.3661560172,14402.8987753614,-1430.01608244374,0
1745,187,8.39361496610786,2398.14363402268,20.7446201868035,18.3559162871581,18.9848273846768,28.2666260835059,27199.6453996975,14380.9093411614,-1413.21801155599,0
1746,188,8.69554296018303,2249.70512781767,20.7724073722995,19.2064712972216,19.8924459103882,29.5841027701868,27211.3536160466,14383.3796655622,-1415.02303769736,0
1747,189,8.26047452273762,2412.52131981767,20.7724073722995,18.2840328990568,18.9086094857123,28.1554159792268,27202.7156372594,14410.9011147191,-1483.50303131015,0
1749,190,7.61786182395516,2736.55401306002,22.3385160538588,16.9861040468784,17.5465170801041,26.1512863496596,20376.1317517306,27839.9383859087,1265.67664316352,0
1750,191,7.62564497199432,2807.93449965997,22.3268686047096,16.6828250760323,17.22375320467,25.6817565203946,20341.6223710489,27872.325924012,1216.194171383,0
1750,192,8.83845372559127,3678.93155310197,22.1304543834016,13.8487334680988,14.2180644186939,21.2969568974327,29857.5738468795,22265.5227806206,-1288.1787746146,0
1750,193,8.93946773995456,3143.08904676492,21.4215828056065,15.3174612175791,15.7644403674766,23.5662123394548,26017.3591130766,18601.6098358678,-1461.36699449332,0
1751,194,8.57815446254275,3545.23975476492,21.4215828056065,14.1182783560633,14.4960397710146,21.7118127698926,26054.2967922859,18613.8156474278,-1436.42289725702,0
1752,195,7.85419282891182,2823.50688165997,22.3268686047096,16.6188842018088,17.1557606952531,25.5827801921256,20370.2752074463,27851.2381327834,1253.18780378425,0
1753,196,7.95639824574847,3178.52194965997,22.3268686047096,15.3162537796984,15.7727353561598,23.5669826388483,20360.7891157557,27859.4359590894,1234.26190112782,0
1755,197,7.77802930963431,2296.95332565997,22.3268686047096,19.2138479812201,19.922440126937,29.6016232581926,20392.3043633076,27842.3729638128,1261.44975069785,0
1763,198,9.18694237641306,2569.59604130755,22.475919533867,17.7728288131684,18.3861267299747,27.3699206822154,26053.1248566044,27748.6439207605,-1345.08300945766,0
1770,199,8.38953547300417,3397.89032754265,22.0112315227337,14.5979859125912,15.0088698034529,22.4551241820966,23670.1562839451,24266.482215775,-1436.17966279768,0
1772,200,7.26585588242554,2508.9153322978,22.2926711312794,18.0440481751757,18.6729991214038,27.789328455012,25691.3993242212,26033.1340812018,1073.51438040694,0
1798,201,7.31519643176748,3013.37970463414,20.4239677202999,15.6279010561915,16.0821611341245,24.0433401308937,18940.1578276271,19872.2899165108,1189.08792922878,0
1799,202,7.39995190407524,2879.63783263414,20.4239677202999,16.1202569397273,16.6039375439804,24.8049868731681,18950.607519725,19876.4792421724,1239.78293574508,0
1826,203,7.84163496939351,2192.2456372524,20.2541291588092,19.4589933277518,20.1542521089234,29.9731404193582,27049.0990446781,12917.2607453834,1221.21099715228,0
1831,204,7.95627288337254,2348.54436188764,20.0187462612416,18.4939031576845,19.1215439602604,28.4774626869818,24474.7202441366,14445.0586081248,1213.56080419658,0
1882,205,9.1258579419662,3291.67471273218,21.0151495554572,14.7934341553219,15.2054822087132,22.7545739794256,27917.9850898651,17278.2928730343,-1263.47551742229,0
1884,206,7.84342842660837,2046.48412385443,21.1271878853113,20.6206677462538,21.4096774482314,31.7768885552456,27585.9262550409,18409.7554673261,1243.79792878687,0
1885,207,8.45141479094084,2922.20951054177,21.0352378808016,16.0464902714098,16.5329126887063,24.6928438361558,27932.3810366318,17322.6448245852,-1398.68076099667,0
1886,208,8.71437344607156,3627.23974454176,21.0352378808016,13.8602203000524,14.2199211137444,21.3118815261762,27946.4522324343,17292.3890512635,-1371.86966517389,0
1887,209,8.67490631108153,3606.18396673218,21.0151495554572,13.9120900068878,14.2744557672224,21.392001631747,27941.8355984606,17271.7263532966,-1314.87427943257,0
1888,210,8.39833840780595,3671.57808254176,21.0352378808016,13.748058440991,14.101603996172,21.1385233185568,27926.0524540933,17298.2937062339,-1348.32090482196,0
1889,211,8.40819037139195,3836.97239473218,21.0151495554572,13.3479988226663,13.6796979012863,20.5202173907216,27949.8371953089,17266.0567651329,-1366.09749152493,0
1890,212,8.78394163670246,2959.64112344385,21.0983418072626,15.9158692402411,16.3951006454875,24.49094981911,27969.3082684652,17294.5155235083,-1364.77141273596,0
1891,213,6.77144787804911,3600.08478550066,20.786351694194,13.9020781704913,14.2616788576777,21.3759161992343,22526.0169565651,18506.8206944676,976.760976593345,0
1892,214,6.92223735753917,3765.45598314555,20.812883873685,13.4945345565815,13.8322338753203,20.7461412813864,22549.8035476807,18512.5088965962,962.250884992079,0
1893,215,6.53551029125536,4623.39070914555,20.812883873685,11.7895188437896,12.0398320583838,18.1125485483237,22510.2185357427,18539.3382530981,979.624440286658,0
1893,216,6.09860665895025,3874.98714154599,20.9325448246448,13.2522707938112,13.5781092420643,20.3720915740018,21117.5838287882,20526.1548587927,730.446104398568,0
1894,217,6.41541290409956,4631.66834554599,20.9325448246448,11.7859890778079,12.0370562095752,18.1073547038896,21127.7303136058,20543.2064720223,712.179007410413,0
1894,218,6.92266312625148,4760.15014314555,20.812883873685,11.5683384422325,11.8079781162615,17.7710913727615,22508.7075928839,18536.472154009,944.49891336947,0
1895,219,6.23688834898528,4881.59736754599,20.9325448246448,11.3906757133581,11.6227400839889,17.4970922035009,21121.5217773409,20522.336495048,744.248552176449,0
1895,220,6.69033404883152,5281.76987514555,20.812883873685,10.8177852745104,11.0224103057676,16.6127213567116,22519.2891173249,18518.7184995881,955.128193241641,0
1896,221,6.26434142926192,4757.63503954599,20.9325448246448,11.5821885696958,11.8233953428801,17.7927215288118,21111.4913745851,20536.3250664782,736.93785812793,0
1896,222,6.48696284897213,4674.99763750066,20.786351694194,11.702482336992,11.9483727466734,17.9781205454886,22519.5592310844,18520.2573856683,992.21610006862,0
1897,223,6.50750254308006,4642.04673114555,20.812883873685,11.7586726452208,12.0074878199568,18.0649257452842,22515.4373666957,18545.4908228134,992.804950601136,0
1897,224,6.33645589265392,4004.80838554599,20.9325448246448,12.9660205339739,13.2767499482294,19.9298252463144,21122.80990335,20539.2625424035,708.507548516515,0
1898,225,6.04075242025008,3296.26129632616,21.0101814152657,14.778886104516,15.1900452181957,22.7320635081329,19838.2793601556,23234.4787022732,713.309809851435,0
1898,226,6.5392577821721,3738.67237750066,20.786351694194,13.5559572611692,13.8967169795213,20.8409911776847,22518.5440620452,18512.0297925523,952.080002882018,0
1899,227,6.78110572851995,3264.01207750066,20.786351694194,14.8494124071627,15.2622714959916,22.8404709075844,22529.7135616764,18504.6409853573,949.247514064177,0
1899,228,6.05332081308259,2602.94688360412,21.0561681173822,17.3856121385801,17.9557891661818,26.7654157208309,19987.4894667262,23498.408911362,663.225154668342,0
1900,229,5.80542311931372,2434.12265932817,21.0712727908718,18.2224434197833,18.8470761386641,28.0611698273246,20009.4836496245,23535.153642402,667.379439240946,0
1900,230,8.37676281009519,2466.99270794391,20.8750593703925,18.0180498439509,18.6266449444202,27.7439318639414,23764.6896020278,18186.4155178834,1190.76121510082,0
1901,231,5.98424902908156,3440.3547985253,21.0248387721672,14.3599800053238,14.747427533408,22.0844014768161,19757.7586647223,23175.1532687775,779.361656133174,0
1901,232,7.52612837941236,2097.57172789135,20.5519055915858,20.1403376655959,20.8867595643522,31.0300191150159,23237.8365863175,16916.0485532401,969.012920733005,0
1902,233,6.05195156259347,3377.5146205253,21.0248387721672,14.5395087496813,14.9371262320634,22.3619694443365,19768.2977218525,23200.6988826031,744.84507569837,0
1903,234,6.20243541913184,3001.68227261548,21.0067015696851,15.75021134219,16.2184170919427,24.2343760462458,19741.1741426054,23151.6485511323,749.271221345767,0
1903,235,7.81923588349553,2652.30930944201,20.643182254929,17.0943279822228,17.640747969316,26.3130670007745,23021.6807270087,17289.5814451518,1205.07621835472,0
1904,236,5.77924418217255,2680.06940951071,20.9918362435756,17.0263809096889,17.5729404586633,26.2091136730057,19754.2347374058,23013.140699624,683.18400053737,0
1904,237,7.94074097230083,2719.67676252857,21.069754761566,16.8662415192459,17.4037008317486,25.9615166435789,20743.8688465663,22715.0040563034,-1422.12675116798,0
1923,238,8.98645417823561,2020.80362338922,19.7788036758125,20.5147110391352,21.2745119483693,31.6066759125633,19710.3825661442,15289.6339846713,-1396.24156463492,0
1980,239,8.05525999737255,2451.39795704624,21.4268863075897,18.1936472895982,18.8211814468902,28.0178970020652,30161.6578663432,19979.941486134,1211.43844782291,0
1981,240,8.84927863000369,2039.58912013909,21.2272409210505,20.6919629362481,21.4875843344156,31.8878262483545,24170.7436035792,24159.4217414987,-1451.88290379975,0
2045,241,7.61379592746574,3790.55673651878,21.466143808251,13.5042229973989,13.8484641239306,20.7627738003181,27378.588241397,22688.6669902267,1240.32367047528,0
2049,242,7.6977724822084,2025.40319863904,21.4062964549015,20.8343108387818,21.6428522160137,32.1092470492626,27337.9989140031,21703.8462247532,-1473.40425095083,0
2050,243,7.82223090806783,2283.91101875113,21.3748819216083,19.1157210971254,19.8042685954721,29.4459200273721,27336.3720961033,21698.8201116188,-1438.63414911564,0
2054,244,9.7227182335268,2576.02227504222,19.6982356204693,17.2868326403385,17.832884797964,26.607590554366,25425.0971593467,9569.13086594352,-1255.81743625599,0
2056,245,9.63206083784961,2401.97282304222,19.6982356204693,18.1471115245586,18.747652902762,27.9392403023662,25493.0345804087,9553.29193122091,-1175.0899048574,0
2057,246,9.29392246997485,2550.31793304222,19.6982356204693,17.4071664869382,17.9607418222637,26.7938315549714,25468.1264690005,9589.68350318481,-1183.72335050767,0
2065,247,9.67677308587686,2297.4297431083,19.9067778190659,18.7602911474423,19.4037519393202,28.8895220738309,25800.0432142414,11286.0945949338,-1427.91408041618,0
2068,248,9.79352501256082,2577.07618891883,19.883084472557,17.3129104106946,17.8630826786078,26.6486369846294,26225.551846894,10328.96765866,-1192.9803406984,0
2069,249,9.30273993171763,2250.2477121406,19.8985174337378,19.0342848259585,19.695719347809,29.3138150692913,26164.6171341685,10436.2875640523,-1120.1769347228,0
2147,250,9.28496979372284,2175.60766477638,20.2487087090054,19.5631230233776,20.2653398204118,30.1344256209278,23168.3868338246,16993.8970464531,-1127.31127405435,0
2153,251,9.52092457192445,2598.81244678789,20.2807432447493,17.2782486558378,17.8315328560325,26.5964449595272,23180.9229171014,16967.1395396258,-1249.76818207367,0
2154,252,7.61867048218939,2980.34131934145,20.159435242672,15.708549791963,16.1645064615748,24.1672387873935,20973.7249550572,17320.3660574269,1162.34633347183,0
2155,253,7.23112536472526,2293.41645734145,20.159435242672,18.8313909926529,19.4832769854051,29.000659686297,20932.0232294628,17298.8300814799,1126.99162148855,0
2156,254,6.79245919337376,2856.54963996232,20.5745126625949,16.2316155171967,16.723846263685,24.9777745395617,23099.3326556657,18727.630968227,945.036360834147,0
2157,255,9.06636273698568,2367.85955376299,20.5487022348027,18.4849379897881,19.1195843104796,28.4656711675742,22892.8473005049,19078.7317839017,-1136.94910270138,0
2158,256,9.15504826653039,2825.28969981853,20.5903566853746,16.3571073739469,16.8571754890647,25.1719964875944,22903.5414865062,19077.6886064494,-1135.21885629085,0
2159,257,8.97199637634936,2592.36474981853,20.5903566853746,17.3589318780094,17.9213749684113,26.7224518858487,22878.7456749211,19079.5637182957,-1192.50261063197,0
2162,258,7.01883623997298,2846.116223079,20.6436557853945,16.28264277056,16.7788101996229,25.0569552741217,21647.6296533416,20442.3499796736,1074.13638982969,0
2163,259,6.06831420684428,2684.76756379228,20.7079980590524,16.9611910217031,17.5000820245854,26.1072294827869,22105.5480055301,20868.4535530253,615.465278314849,0
2164,260,6.1756680079352,2273.01351979228,20.7079980590524,19.0547966449486,19.7296173209071,29.3488951367195,22127.1645142702,20897.4926481146,632.47258007801,0
2165,261,6.2077572379405,2459.71639375842,20.7446918232281,18.0327518209957,18.6405341018629,27.7662091109112,22243.8285823972,21162.9367638507,719.559807513029,0
2166,262,6.08793341489126,2263.39865575842,20.7446918232281,19.1189418562349,19.7986104942451,29.4484035751339,22238.2209510414,21179.1169960406,711.13815135176,0
2167,263,6.43191898126499,2317.73679775842,20.7446918232281,18.8014895548337,19.4598956437648,28.9566919407764,22225.64318101,21186.5829765282,681.950805718888,0
2181,264,4.44283901498246,3431.2739459427,20.2577368418941,14.2938707783122,14.6698147349317,21.9800511115167,17765.1583761312,19147.4755487858,580.223753409848,0
2205,265,10.0283377138439,2694.7592035729,19.4682418166107,16.7212456867489,17.2293864183877,25.7315269778349,25493.5519877293,9853.22942252579,-1225.34156769447,0
2206,266,9.68477546484827,2953.64165657514,19.4965925540171,15.7100281527297,16.1581964588392,24.167355091765,25562.2233921158,9866.90790477123,-1196.70101759361,0
2207,267,9.71192956406718,2636.10396557291,19.4682418166107,16.9761619416522,17.4998907480977,26.1259656234721,25517.4404137959,9835.48112247819,-1207.70936736755,0
2229,268,5.02738186388201,4722.75670248874,9.54978490658627,10.5527577997995,10.6466553632771,16.1764208196145,12312.033616052,31458.6566069695,-617.29053477123,0
2230,269,6.99847263580307,1969.07340346641,20.7081989646934,21.1072877706103,21.9239917936713,32.529281299902,18518.5414138942,23832.6279171388,958.797168553442,0
2237,270,10.5528875859979,3638.0899713986,21.3975680921772,13.8726844831801,14.2365227721552,21.3320986640684,18664.2649100611,28497.2284970464,-923.27675018341,0
2309,271,8.43782694481081,2303.7975265176,20.1773927924314,18.7750905880365,19.4235183228849,28.9135404018319,18444.5111412574,20118.3743698127,-1424.28461462319,0
2310,272,8.54833687964232,2324.31454190655,20.200605833284,18.6628549136743,19.3042186515552,28.7398200494737,18473.6265530893,20121.3045912548,-1370.99863218372,0
2311,273,8.65696517010892,2302.53082790655,20.200605833284,18.7867330078856,19.4362706250427,28.9316646156656,18477.7893413317,20138.4919773998,-1460.94610257426,0
2372,274,7.01580767848024,3296.11685883395,21.6115873301526,14.8536191576502,15.2753312258459,22.8493493169269,22027.7943716152,28955.8153165216,1179.04565174194,0
2374,275,6.77036835414885,2692.14626297092,21.5079012659251,17.0535467929788,17.6082379248189,26.2529302999759,21238.1288107977,28367.6430847823,1056.33270761632,0
2380,276,6.7221408817823,2184.78122221693,20.9803448984865,19.6504176714276,20.3696816158525,30.2727244586396,20178.0566755647,20828.0763976947,1020.97008269477,0
2381,277,6.36389919607696,1773.33334855128,20.9846537552173,22.8387096714279,23.7859296421519,35.2151586900857,20221.0152227886,20825.0801205898,1008.15579599109,0
2384,278,6.1370085620195,1660.21000621693,20.9803448984865,23.9683216230531,25.0002696327766,36.9673668172552,20182.5314081141,20820.9551556842,944.087739285357,0
2385,279,6.34129032746878,1936.87859221693,20.9803448984865,21.421047240385,22.264660499723,33.016899269127,20193.9572745657,20815.9791262864,992.227382830589,0
2386,280,6.74052834624752,1590.32150821693,20.9803448984865,24.7415493829445,25.8326504385732,38.1670894023447,20193.7180058501,20812.2364608307,1017.82963377758,0
2387,281,6.54661804387305,1085.55166621693,20.9803448984865,33.0592232880041,34.8331563791553,51.0857212096324,20175.7453761403,20828.9550018845,1012.34343324188,0
2391,282,6.48281153101395,1471.54874769395,21.1914609448437,26.2777750099279,27.4932295360113,40.552560454221,20159.6047019229,20840.5569323376,1035.72035827883,0
2392,283,6.66162203358249,1939.49111769395,21.1914609448437,21.4478698159262,22.2968961387871,33.0594426970239,20181.979275906,20865.1690635167,1003.97002708697,0
2393,284,6.72261849603531,2598.83942769395,21.1914609448437,17.4266464553132,18.0011856487264,26.8294194826908,20185.1343535143,20816.2796915539,960.43190545837,0
2393,285,8.39951452333264,2535.8557504179,21.4763337093962,17.774793307014,18.3755094157073,27.3694619255555,27090.3269137181,26682.0578341257,-1453.54591257089,0
2395,286,8.3498978512228,2770.12476339537,21.469124248964,16.7132360074994,17.2459618042078,25.726040664817,27097.3772551943,26704.6225497741,-1497.37601301436,0
2395,287,6.62783041661085,1672.77828369395,21.1914609448437,23.892055093384,24.9221486169456,36.8501321783742,20204.5645873558,20809.6350748223,965.878540033643,0
2397,288,6.70713072563238,810.502022807944,21.1947292897037,41.8067002310028,44.3713881251818,64.6926186494918,20196.5210747883,20839.1623746842,1025.96072067089,0
2398,289,6.25185853442648,1005.36604480794,21.1947292897037,35.2056283942479,37.1726804841743,54.4241965940447,20204.2742331236,20824.4982902878,1016.01811090501,0
2399,290,6.56796960539326,2177.41596969395,21.1914609448437,19.7394509046582,20.4679905214274,30.4115434417514,20188.6508014164,20823.7844442581,976.440970152633,0
2400,291,6.79859753171647,937.754131043976,21.2638990292482,37.2324461819085,39.3818793592678,57.5767075538104,20166.7852116903,20831.8896620107,1033.17876478443,0
2405,292,6.1964730915651,1568.75202205294,21.2671267656111,25.0755114666444,26.1980420366475,38.6868829771789,20188.9428649675,20843.9110202891,1030.66276252444,0
2406,293,6.7658292694967,1914.10063304398,21.2638990292482,21.6698101341779,22.5360753025873,33.4038688098139,20175.855166124,20836.2113155346,1051.01770629579,0
2407,294,6.6077287156592,1823.41959104398,21.2638990292482,22.4473991566457,23.3705552368988,34.6096333961894,20200.9678050634,20821.2772723816,1008.10960897921,0
2408,295,6.66755260149059,1272.04273304398,21.2638990292482,29.3634984674106,30.8311212585901,45.344823975119,20171.8862534718,20864.3175708163,984.75918023875,0
2409,296,6.82642980656068,1045.70355704398,21.2638990292482,34.1668942474371,36.0444894769934,52.8096787032921,20185.0709498679,20831.9885046485,955.533995309654,0
2410,297,6.60450517233987,2513.95926734817,21.4411431345333,17.8771916462612,18.4841304118112,27.5278946669342,20181.8917512587,20843.0506310674,1002.30484757499,0
2411,298,6.32865852960506,2371.80346334817,21.4411431345333,18.6239843445761,19.2803165234494,28.6844521896208,20188.682498362,20841.7213132134,1031.1480877487,0
2414,299,6.56870360331141,1894.21370534817,21.4411431345333,21.8753364033307,22.7594983437162,33.723355401246,20181.6086165806,20823.8247467648,1000.58474604371,0
2418,300,6.31787586822664,2048.43975734817,21.4411431345333,20.6729186808622,21.4705413356035,31.8592309989468,20195.9095458243,20828.9250597827,1066.3878565231,0
2419,301,6.75652783526898,1681.70685734817,21.4411431345333,23.8646219705375,24.8972281059384,36.808840539259,20175.6887802296,20826.1685831577,1048.12904917199,0
2420,302,6.46620562779788,1564.67860745986,21.5203029415055,25.19657918119,26.3334565632198,38.8761344950324,20193.7467340231,20806.4648308473,1001.98759840053,0
2421,303,6.58179844632375,2277.83643545986,21.5203029415055,19.1790221537744,19.8739427597001,29.544556686183,20207.6512092772,20814.3216974136,1019.20473110766,0
2422,304,6.57527857889767,2582.25778145986,21.5203029415055,17.5579925374012,18.145196641416,27.033930601525,20197.8206276644,20819.7572695354,1002.91523831831,0
2423,305,6.47506044002076,1798.68283145986,21.5203029415055,22.7348417010146,23.6837411856682,35.056655659485,20189.7661105747,20815.5265302075,1045.18839811009,0
2425,306,6.89767868481898,2664.35634804111,21.4738998901334,17.1717270687165,17.733524307553,26.4357603601173,22499.085473606,25076.2505382421,1150.89643217269,0
2425,307,6.45573285033814,2030.11001345986,21.5203029415055,20.8238219118705,21.6334067193767,32.0934815899541,20205.2566394306,20805.7861631337,980.053704645341,0
2426,308,6.74160242917171,1460.64980945986,21.5203029415055,26.5265486584166,27.7685270967847,40.9406271803332,20203.4295389568,20809.3188740251,959.006320626362,0
2428,309,9.76981223845535,3415.30806523621,20.967872162492,14.4240273057307,14.8145165401655,22.1832628351681,16368.91677363,25322.3846986107,-994.91767180028,0
2428,310,6.78487278097361,1633.64201345986,21.5203029415055,24.4027105601448,25.4779967015686,37.64414516494,20218.6445901864,20805.1770803394,1042.63098293985,0
2429,311,10.315106288066,3540.26156323621,20.967872162492,14.0797863075348,14.4509783822358,21.6510902699683,16330.3143107433,25281.2183125141,-1041.41844566382,0
2429,312,6.29603202459885,1588.37858345986,21.5203029415055,24.9164832094221,26.0315288087475,38.4414306626676,20205.7963561009,20842.7810425426,1051.35638723195,0
2429,313,6.93895860590495,2094.80359740775,20.6301229755378,20.1756228498931,20.9257135553175,31.0850331609778,22511.9380347981,16794.4053661096,1044.41119124814,0
2430,314,6.57645273351282,2310.61688831247,21.5353230192889,18.9885075864059,19.6706965145912,29.249470593639,20190.0205831106,20810.1100271742,981.234219969722,0
2430,315,9.97226009041479,3589.38583408016,20.961073431218,13.9495580473174,14.3134690153958,21.4497715710048,16389.7446905047,25326.465524063,-1008.17797531157,0
2430,316,7.02735345436498,1881.88012818008,20.6369479116959,21.7913515171138,22.6558365626345,33.5893937783865,22453.5142246901,16812.727620779,981.666234330566,0
2431,317,10.3405416103242,3456.78931408016,20.961073431218,14.3064820823611,14.6902775480631,22.0015173703106,16364.0340412531,25329.7888203084,-1011.84682369687,0
2432,318,6.77087165222639,2049.89445618008,20.6369479116959,20.4917648092722,21.2639521426413,31.5749699511774,22513.0736336771,16780.9898838013,1022.91775820712,0
2433,319,9.93336589337716,4873.11757547178,20.9450920769483,11.4045115450549,11.6373248408927,17.5184743765978,16350.1542314969,25269.4962072347,-985.42024206933,0
2433,320,6.62109001435039,1899.12715631247,21.5353230192889,21.8558694215691,22.7401714803348,33.6936004021055,20199.0536161603,20840.5638844861,1008.10276619667,0
2433,321,7.105487700984,1466.42571618008,20.6369479116959,26.1739408376371,27.3696993457985,40.3882037654775,22488.9536956615,16860.4370251276,1059.79576637832,0
2434,322,10.4869796928031,4513.98364547178,20.9450920769483,11.9864962663868,12.2474938874338,18.4169666353908,16316.7940234751,25278.9445295804,-1069.3801114627,0
2441,323,9.34845666080825,2749.88029674427,21.8207615553093,16.8513273059245,17.3969796708724,25.9409473960456,21208.5388158664,30749.4375910896,-1104.88608278098,0
2441,324,6.95764792411665,1017.2789276438,21.5376003286814,35.0417734704541,37.0034827073477,54.1719555583707,20131.1607302876,20863.3455593495,1017.61894801511,0
2452,325,6.72753203646109,1452.77220313254,21.5426058419352,26.6414789751499,27.8931037853014,41.1191884118119,20193.3978380258,20787.8618893038,1004.29405897485,0
2453,326,6.29365783972749,1671.27012313254,21.5426058419352,24.0013569709772,25.0462566103967,37.0215014077488,20205.5619419312,20808.3349910192,1048.96485247284,0
2454,327,6.77249876685959,2364.51518805346,21.103411106282,18.6037766847175,19.2540826417844,28.6518648607137,23215.8644313904,18232.2629751306,1034.58568602281,0
2454,328,6.47732898193669,1925.89068313254,21.5426058419352,21.6367714977276,22.5052262059445,33.3539077962467,20182.1301742776,20841.3529278637,1018.60254054763,0
2455,329,6.5537173091316,2357.38002313254,21.5426058419352,18.7225753503863,19.3869181085836,28.8375504131452,20204.1332117691,20800.8453275985,1000.90168684221,0
2455,330,6.8493236543247,2585.38369358487,21.0700241114768,17.4700261984201,18.0457848023483,26.8961472749697,23247.0038960423,18212.4765409939,1028.8679773586,0
2456,331,6.2682738852075,2353.48142113254,21.5426058419352,18.7444855717463,19.4103016354041,28.8714894266183,20157.0407956539,20832.2235410464,1026.65837598008,0
2456,332,7.02305810910506,2199.20925012078,21.1046005287483,19.5830558524997,20.2995528222297,30.1688662577145,23256.7091734622,18265.3959619245,1005.48426418999,0
2457,333,7.20662218118856,2734.68333612078,21.1046005287483,16.8074568681794,17.3416606069753,25.8706510712271,23247.8418569639,18232.6575461108,1022.36115336528,0
2457,334,6.62320038957877,1836.14577941482,21.5533017762692,22.403112198741,23.3279509135785,34.5423177628162,20217.4439619292,20809.0540578018,1036.23642722101,0
2458,335,6.47500641992941,1836.66335713254,21.5426058419352,22.3959598760873,23.320087731405,34.5311752953517,20184.9857222984,20810.7376463848,985.366773977027,0
2458,336,6.95767912147427,2301.34381212078,21.1046005287483,18.9629226069673,19.6372895356386,29.2081586286166,23245.5111395896,18236.7257134275,986.408896436322,0
2459,337,6.56669425700334,2282.84278005346,21.103411106282,19.0712577864803,19.7529121971008,29.3759709829047,23228.4996366667,18267.7058314961,1075.0124280856,0
2459,338,6.5753335561822,1625.34591313254,21.5426058419352,24.5009814109699,25.5842617417086,37.7967517617981,20164.0152608922,20860.8005681572,989.544728361845,0
2460,339,7.13237324877794,2187.97864159811,21.0591694938195,19.6455361456534,20.3656430270225,30.2654856006354,23248.2287259784,18237.5536293926,1018.94942146437,0
2461,340,7.34676519753416,2310.43677537635,21.0593677691877,18.9017784496566,19.5713898315206,29.1132687030631,23238.9678479409,18232.2438572917,1006.22249339435,0
2462,341,6.42134933069827,2116.74937753949,21.5206150434344,20.2083704475087,20.9744565780466,31.1395599394822,20203.6060331993,20801.4017228578,977.315347450426,0
2462,342,6.84221824123634,2519.53601959811,21.0591694938195,17.7855412907559,18.3814937968328,27.3845995100182,23236.1026314878,18247.6960567578,1017.05767855646,0
2463,343,7.10747528693756,2554.90334937635,21.0593677691877,17.6133074570721,18.1981352944621,27.1179346314588,23232.108192086,18241.3311538981,1024.67199406347,0
2463,344,6.54479605914562,1285.22382553949,21.5206150434344,29.2255627585194,30.6875377903172,45.1321610619749,20186.0852646577,20844.8264176162,928.582584708713,0
2464,345,6.82018194699939,2572.72880959811,21.0591694938195,17.5280856884572,18.1074293313793,26.9859937200683,23249.2983661586,18241.8344498457,1068.00802351335,0
2464,346,6.71837699441085,1552.24502353949,21.5206150434344,25.3468170685543,26.4954551183023,39.1093151197925,20159.3952893978,20824.5420021813,1003.87472779015,0
2465,347,6.98757031027822,2601.59846937635,21.0593677691877,17.3924019883793,17.963054096418,26.7759383169914,23217.6755185856,18273.2489023484,1017.30664827195,0
2465,348,6.79076473872211,1522.01301033023,21.5311886403232,25.72460781288,26.9031479950879,39.6957665322982,20189.5581044176,20835.3948199586,978.112765369609,0
2466,349,6.53520717892082,2361.74175559811,21.0591694938195,18.6111769427844,19.2613581197968,28.663156453413,23230.6368821355,18259.7093326357,1007.95091137364,0
2467,350,7.05555681656112,2232.55283937635,21.0593677691877,19.3661806207303,20.0671943544801,29.832677614904,23222.4225216244,18251.439630391,984.066574558849,0
2468,351,6.5504248730072,1834.41086337635,21.0593677691877,22.3002374563499,23.2090313706309,34.3804460859364,23219.0417260332,18229.6560433303,983.199847736046,0
2470,352,6.50757471090177,1297.72722785082,21.4633780220519,28.9901555053141,30.4313370822668,44.7661297981804,20225.7551151368,20840.7522695878,962.309665617473,0
2481,353,6.49692886638396,2409.55151248479,21.3448035331408,18.4009229621928,19.0410692910092,28.3386025393702,20212.1412692609,20806.5700604531,956.146395963214,0
2482,354,6.52242105265166,1505.51636848479,21.3448035331408,25.8792530305884,27.0662861465137,39.9347895248063,20168.1754826667,20815.9382173897,1043.54780468246,0
2484,355,6.84494293663384,1841.10450448479,21.3448035331408,22.3094809889043,23.2238567969674,34.3961324339885,20178.6645577643,20858.3949952684,1023.91535879547,0
2485,356,7.76159324754508,1948.32586758728,20.8871374319374,21.3091748648817,22.143225560784,32.8430455971167,27663.0412191392,17926.7090490231,-1486.08674207768,0
2491,357,6.37650559979139,1570.69661628346,21.2155520817256,25.0376875575966,26.156274810773,38.6279060835478,20205.7607369009,20852.5194216935,1039.77844482684,0
2494,358,6.92715595641634,1173.79258904831,21.2265935009696,31.21711993633,32.8394684630725,48.2245110881035,20193.0043887255,20824.8584288394,983.467960756339,0
2497,359,6.79216589381939,1625.18894028346,21.2155520817256,24.4129227113016,25.4832591671787,37.6584075602426,20220.9547250992,20811.7020450475,1030.37137970465,0
2506,360,6.73808343928804,2178.48346612968,21.2478597757781,19.7436947764392,20.4733673498965,30.4183507342873,20202.2754941588,20780.4544727735,988.8422113669,0
2520,361,6.7046631833316,2028.81528664432,21.0410513967334,20.7309457708539,21.5263771767353,31.9474362039944,20190.3155521971,20820.809199507,1000.45426920149,0
2530,362,6.86670338317933,2586.7472742812,21.0334064711438,17.4576408722163,18.0321328150385,26.8768428777538,20174.666119888,20842.4001409164,988.383139506043,0
2531,363,6.60532385578778,1464.6547302812,21.0334064711438,26.321277555445,27.5369265560263,40.6191921902324,20199.1389604089,20803.3225773213,984.584031603266,0
2532,364,6.79043146893955,1859.9773782812,21.0334064711438,22.0709599994783,22.9625273678375,34.0247935114046,20211.4659630873,20813.2516485055,1001.44180863086,0
2533,365,6.85290278183052,1536.8779842812,21.0334064711438,25.3927041672676,26.535338422253,39.1778839124954,20192.815805182,20843.787334287,1010.7446912734,0
2545,366,8.53016120324798,2221.9291901301,21.0324516504818,19.4266256013914,20.1313618968113,29.9262129633495,25569.676297217,20468.2966833651,-1349.81128403638,0
2546,367,8.74307045733864,3190.8309041301,21.0324516504818,15.1110191780247,15.5416646426862,23.2457562207307,25627.5517121042,20473.5651601327,-1401.94021140411,0
2547,368,9.5176729072074,3571.07126929001,21.0371541669909,14.0060863583824,14.3738634096676,21.5373527667671,25794.8824354274,20424.5021107509,1053.24734533016,0
2548,369,8.25900230168403,3702.00929706489,20.9853105487194,13.6670200859746,14.0156705333623,21.0131462500236,25898.2106779223,19972.9842216035,-1450.2597100563,0
2549,370,8.59973530642075,3680.51192106489,20.9853105487194,13.7202707895542,14.0718244787651,21.0954457150328,25866.0863576706,19976.9656430524,-1514.55602789032,0
2551,371,8.55253664703825,3368.48439110096,20.979786457914,14.5603380540575,14.9586796037874,22.3940477838382,25869.135802803,19953.8191654295,-1463.93941473016,0
2552,372,8.45406654737799,3066.59688211739,20.9592196908172,15.5152746713836,15.9689241342833,23.870799611228,25893.4016699476,19929.0337025371,-1475.82579105253,0
2554,373,8.10749384656471,2249.65994903609,21.1930351374189,19.2871333337041,19.9847159998862,29.7107520951729,23208.0667009098,23111.6651076872,-1431.38823288805,0
2567,374,5.97729437632311,2269.3609241528,20.9959048397586,19.131063729542,19.8152069363752,29.4681884205363,18708.4318651277,24490.3554791552,941.416974192372,0
2568,375,6.50636777043703,3568.6526381528,20.9959048397586,14.0077641216153,14.3752330354744,21.5398355621295,18709.2756852009,24466.6395077459,958.744931248125,0
2571,376,6.00328532977627,3692.95068824528,20.936487008521,13.6840486497767,14.0331653953159,21.039336592528,19411.9634279616,23819.4416465063,801.214918015217,0
2572,377,6.14968588456543,3388.28705624528,20.936487008521,14.4976654404034,14.8920041488502,22.2970254069685,19411.5968174046,23825.1090650402,792.655497402881,0
2573,378,6.06754085879083,3113.22636824528,20.936487008521,15.3535091321089,15.7973378753184,23.6205147630022,19406.2691001365,23835.6783756868,810.486109194316,0
2574,379,6.21424876278178,3329.01509024528,20.936487008521,14.6713517162246,15.0755780560975,22.56557370375,19397.0663534123,23812.985478051,779.282130611752,0
2575,380,6.21372774758668,3486.52301624528,20.936487008521,14.2214670044366,14.6002497965791,21.8700218968426,19427.4278986841,23813.8520304311,851.252266649002,0
2576,381,6.04769339926105,3399.87273224528,20.936487008521,14.4643494854507,14.8568008299872,22.2455158514596,19418.0210731362,23822.276323104,835.105327931027,0
2577,382,8.72904283585663,2257.25871357682,21.1747880898007,19.2376099023088,19.9315610907011,29.6339570664558,29986.5174864332,21326.0586647352,-1375.93752643092,0
2578,383,9.0221068238196,2063.78232957682,21.1747880898007,20.5065879835148,21.2883073757241,31.6002830876007,30003.2642214208,21300.0767503842,-1406.01628862293,0
2579,384,8.97799696285526,2553.78908772383,21.1780909461478,17.6382815104001,18.2262673135406,27.1570267667255,29901.9721120255,21335.512974823,-1309.27783055179,0
2581,385,7.43309770110485,1722.73569858873,21.1859124005519,23.379369491841,24.3705967662658,36.0547605965931,29117.7103426758,20395.128571134,1096.43633989967,0
2582,386,7.24741486865513,1783.46138058873,21.1859124005519,22.793960512388,23.7414217444675,35.1467381821812,29131.9745806961,20362.2907370928,1241.47409789569,0
2583,387,7.2609353304596,1732.21242906346,21.1879966747334,23.2860321415893,24.2702830861489,35.9099862549218,29145.76211512,20385.3823688584,1237.65893304797,0
2584,388,7.49768231090002,2068.90186506346,21.1879966747334,20.4729700239725,21.2525307228341,31.5482367006113,29137.3195889644,20366.3056282558,1185.66565405703,0
2633,389,10.035374870931,2934.82622947294,20.3150819895739,15.8966012629561,16.3655594520572,24.4586301020959,27269.0386366009,11126.124056228,-1222.75289467173,0
2634,390,9.74125243798438,2464.54910347294,20.3150819895739,17.9333507265681,18.5288144172167,27.6106846271837,27248.5039129656,11130.2977640256,-1272.53102526623,0
2635,391,9.32476126636171,2596.48525398019,20.2867868547998,17.2899745130178,17.8440764520276,26.6146164110762,27178.072963493,11155.5909587034,-1215.74555750606,0
2636,392,9.42477118640094,2238.03412998019,20.2867868547998,19.1831885806069,19.8603908774973,29.546052655957,27222.4170011057,11106.6225916707,-1240.42866052797,0
2641,393,9.79363342122628,2659.40465827576,20.4290443024405,17.0285753549257,17.5681286418089,26.2105423990821,27766.4471190462,11645.3056949165,-1102.59034921823,0
2644,394,7.01641767312281,2731.33261438151,20.1313466683486,16.6713353535183,17.1849600956982,25.6566509384158,20872.5584202667,17608.9207383423,1085.03824027973,0
2645,395,7.35898514837539,3253.70542154491,20.1234265194079,14.7968317324448,15.1995788878421,22.7572099724399,20842.9701015494,17605.1457363727,1086.06604512308,0
2646,396,7.21901776680708,3172.91405354491,20.1234265194079,15.0501776449297,15.4673786235274,23.1489340918483,20841.9741293698,17616.0737331199,1118.41740506181,0
2647,397,7.22235740129313,3070.25086754491,20.1234265194079,15.3892964300559,15.8261049430517,23.6733517493218,20847.0322169598,17632.2106860184,1152.41684067503,0
2648,398,7.15919674951511,2983.53450554491,20.1234265194079,15.6920127477012,16.1465710376846,24.1415438584573,20828.1178667206,17622.4404441693,1069.68004932585,0
2649,399,7.30611685862743,3013.75417754491,20.1234265194079,15.5847427806832,16.032984936358,23.9756289854375,20844.8645793105,17623.9697276432,1056.67653861972,0
2661,400,9.42951879087969,2301.29305338568,21.0750072582528,18.9577162467118,19.6313104411347,29.1999775390608,30059.4563889605,22418.8878007041,-1176.06870412792,0
2662,401,9.50708538012627,2393.73201765719,21.0736966801812,18.4383566807329,19.0772679053033,28.3955539874453,30037.1263176924,22360.3631036652,-1188.24143054442,0
2676,402,6.98576771813776,1589.84245084942,20.8257200500058,24.7031750857223,25.788309358264,38.1067116029008,21896.6325440343,23846.6317569639,1190.43076660994,0
2692,403,8.51017649468898,2186.12177117231,20.319587155697,19.5106342558306,20.2103836959423,30.0534128870249,17726.0868396458,22283.2181716143,-1519.25408832192,0
2710,404,7.54071077313057,3608.34344390389,21.7867330070348,13.9924951143755,14.3666864304626,21.5183204537375,25486.1480257809,28938.4029602025,1239.10092594824,0
2775,405,7.77105233598008,2997.55806342094,20.645102665199,15.7149010760305,16.1768675328806,24.1786152952023,23663.4684901715,19587.3725138106,1169.03365815631,0
2777,406,8.21469871262962,2686.39676142094,20.645102665199,16.9441810565301,17.4812127419915,26.0806838970299,23602.6204376632,19516.453132373,-1502.89452979659,0
2778,407,9.28469927868433,2959.81859304085,20.628981264171,15.849255021516,16.3190604208647,24.3864010978032,23544.7071739916,19507.117005775,-1319.98399989532,0
2787,408,5.9684989483419,3239.97746825439,20.6548753226205,14.9071392653754,15.3219164097269,22.9293491765279,21704.4037909375,21607.9626973235,763.580941194939,0
2788,409,6.37231165141297,3014.87174825439,20.6548753226205,15.6546020695942,16.1130925538871,24.0853711603327,21664.6506954183,21608.0989443297,743.09125560983,0
2815,410,3.22269118034576,2814.18112155758,21.2117861909431,16.4938415363608,17.0098006671802,25.3856430527744,27177.0429400233,24012.8239589696,851.125378469059,0
2821,411,8.24466969808148,2978.27604024923,21.1775759705162,15.8585629753287,16.3352340999534,24.4025383571799,28257.9591840364,23762.2333496946,-1303.46859653601,0
2822,412,8.63814080325511,2977.61344119485,21.1872536158936,15.8623245711528,16.3393330694713,24.4083883528401,28261.0528760171,23770.2018850687,-1410.05637261665,0
2823,413,8.78967652958736,2629.60264119485,21.1872536158936,17.2837839237445,17.8491318482179,26.6082393600382,28282.9791587328,23789.9054417886,-1363.78890372414,0
2843,414,8.52315419687741,2019.46553022176,19.1314346855151,20.3806458871122,21.1203643856707,31.3959593298641,23390.2566240854,10942.7167345818,-1328.38257969171,0
2845,415,6.16808181568843,3219.57118370601,20.6462005367872,14.9699091981354,15.3882084280222,23.0263878794695,20637.4963175544,22891.143094036,754.7616534326,0
2846,416,6.2488940920798,3055.49950970601,20.6462005367872,15.5112081810561,15.9611044236285,23.8635417122568,20628.2454263571,22902.6396225046,766.76616332054,0
2847,417,6.32717226471239,3366.96917570601,20.6462005367872,14.5241606888713,14.9170134733316,22.3371660480734,20654.3109396949,22912.7715823257,782.416463359006,0
2848,418,6.17950415577021,3420.44830370601,20.6462005367872,14.3709564949965,14.7551857342441,22.1003133705971,20657.2415558449,22904.5032002027,797.755619466166,0
2887,419,9.8081116391703,2247.93523311899,19.7053480714225,19.010314749253,19.6672345546285,29.2758857903201,26291.4174636555,10324.1911799001,-1306.34555835974,0
2888,420,9.42656362701146,1891.59860511899,19.7053480714225,21.4905117125933,22.3173019940889,33.1185761370871,26293.4125103024,10294.6864385316,-1261.42050958248,0
2890,421,9.26179929984513,2065.36414540416,19.7063880901176,20.1831450338185,20.9189597944833,31.09261271628,26288.2276691867,10283.1581516204,-1319.25536329289,0
2891,422,9.02209075398765,1910.74162540416,19.7063880901176,21.3359918293482,22.1518850157962,32.8790840105055,26280.9860107953,10324.8997909461,-1299.77109408969,0
2901,423,7.16862641878262,2741.60025055102,20.541938528653,16.6918484547619,17.2118953854619,25.6898149706837,19298.6025432951,20384.7626650791,1129.87652400126,0
2902,424,7.37696462424706,1724.39551855102,20.541938528653,23.1960837846104,24.1618194887681,35.7672151984236,19292.7600399813,20345.547990538,1184.16286185503,0
2904,425,6.88816783035931,2004.78649855102,20.541938528653,20.8000857532685,21.5923493199191,32.052380383234,19285.5763846389,20363.0209571043,1092.90109630036,0
2909,426,10.2276830561237,2838.641393406,20.5705656669834,16.3012724737057,16.7976945492135,25.0855378229025,19993.5382826844,20426.412664328,-1071.65925303529,0
2910,427,9.75009805808279,2510.0779590694,20.5714430551433,17.749756811706,18.3368982638876,27.3274052022366,19941.7251230773,20475.5129799364,-1114.43080500206,0
2911,428,9.03054828007434,2980.93309459107,20.5689054879331,15.7640324549123,16.2280487510426,24.2543746481041,19546.6106019344,20682.6708719257,-1252.40271214675,0
2912,429,9.3059553004203,2912.16792259107,20.5689054879331,16.0176358800216,16.4968519958166,24.6466973978963,19527.9658591649,20693.8252738714,-1229.67508024424,0
2913,430,9.26593797117184,2408.76369259107,20.5689054879331,18.2678354910914,18.8885246494538,28.1295554288435,19571.0806134907,20649.8593501507,-1215.1789998927,0
2914,431,9.06004055364626,2717.10566659107,20.5689054879331,16.7997266098933,17.3267963978565,25.8568549943181,19579.1941710236,20670.5866131014,-1149.09430622647,0
2915,432,8.94505687591963,2543.62889059107,20.5689054879331,17.585919000855,18.1625279691724,27.073753380082,19566.632517338,20670.3105511314,-1235.43833429716,0
2916,433,9.51438175084939,2635.32312859107,20.5689054879331,17.1586632182721,17.7081759280644,26.4123827819976,19572.9745439457,20658.0244887641,-1299.25297641186,0
2917,434,9.48635975070176,2728.66931659107,20.5689054879331,16.7505493935496,17.2745675183345,25.7807495724701,19565.0251407133,20692.0710555409,-1189.97569661753,0
2918,435,9.03449522244343,2552.48334259107,20.5689054879331,17.5434460389342,18.1173431209469,27.0080023289132,19576.779745417,20660.1509323747,-1174.03562041142,0
2919,436,9.67373015986514,2618.82565459107,20.5689054879331,17.2335293282614,17.7877602922245,26.5282636099901,19555.2362977149,20691.0938798306,-1150.79063483938,0
2920,437,9.7173788898756,2411.15038042249,20.6053646489323,18.2616527131838,18.8824454513849,28.1201213244986,19603.9408500639,20700.4039132714,-1262.54268417309,0
2921,438,9.62619861258291,2486.17093642249,20.6053646489323,17.8744740737997,18.4701069006947,27.5206215276335,19607.2599036692,20651.3669486142,-1235.88150667034,0
2922,439,9.29706376179887,2330.16728409954,20.6129403974377,18.7064453511455,19.3566430598053,28.8089675987493,19595.5855003861,20671.9653004179,-1218.86647651722,0
2994,440,6.51447240198432,3515.67833623667,20.7186090634523,14.116897894815,14.4876883539609,21.7077777903493,21818.2658772137,19523.5715933317,829.184649370575,0
2994,441,4.50384381233412,3368.9239310111,20.6879766601415,14.5235787547536,14.9168309632489,22.336385534169,21399.0605358115,20097.8322400959,-86.2370909680239,0
2995,442,6.30536564935418,3452.84380497482,20.7148864156119,14.2883631628071,14.6686649075763,21.9728235215945,21815.3078130204,19519.9113820529,808.620498021048,0
2996,443,6.35825683842024,3615.27790276201,20.6961873275858,13.8528358214751,14.2088619365128,21.2995662765037,21802.1227445167,19513.4287948967,803.609286648749,0
2997,444,6.39380586679195,2121.01203676201,20.6961873275858,20.0112193608294,20.7509747853293,30.8305695317709,21805.2449914465,19493.7084321648,750.577274442486,0
2998,445,6.15211009957539,2198.38170110002,20.7831132982902,19.5251864758402,20.232936332884,30.0778886411786,20148.3397381724,21672.0836899698,832.218299343988,0
3005,446,8.844227102179,3129.95083746236,20.5298942981953,15.2438389951222,15.67674740455,23.4496575933178,18078.7044529384,19749.6807680739,-1355.49608576616,0
3006,447,8.75786667196301,2991.40729746237,20.5298942981953,15.7208785623462,16.1818742053337,24.187496210967,18096.7811753839,19736.2604244965,-1264.64608015925,0
3007,448,8.57929413759471,3159.28946946237,20.5298942981953,15.1476527165566,15.5749679976288,23.3009051990031,18089.5978863405,19763.0134293409,-1276.21138942637,0
3008,449,8.90528101470716,2882.09225946236,20.5298942981953,16.1262970983852,16.6116090076162,24.8146806515637,18099.6986136553,19754.3394495116,-1311.88665519102,0
3009,450,8.93286145110101,3128.67332946237,20.5298942981953,15.2480640687702,15.6812187067795,23.4561918329271,18096.038982601,19786.9973915582,-1368.64924397693,0
3016,451,8.25710746253675,2247.6522298396,19.4210960573254,18.9561935461977,19.6052033377137,29.1908755915956,23177.5873700123,11923.5031845839,-1499.04761980776,0
3024,452,6.59402239612513,2463.36087761173,20.8542917272155,18.0330499275741,18.6423407962347,27.7670808611211,20590.6588522676,19448.1787509456,853.906717860356,0
3025,453,6.69734536618833,2846.83353761173,20.8542917272155,16.3108142345273,16.8112271157433,25.1012407109091,20595.0785787208,19451.4343442203,893.389104395069,0
3026,454,6.60885567430431,2666.39654561173,20.8542917272155,17.0651667721704,17.6124375036491,26.2686706251623,20597.4710781207,19434.9879663064,861.680952886613,0
3027,455,6.77364260042027,2542.60983241768,20.8495578152499,17.6377583303097,18.2214065265658,27.1550313593588,20574.5853229597,19451.397418543,918.502076590773,0
3028,456,6.71525302531444,3009.10507844705,20.860886539692,15.7035400366838,16.167294806136,24.1617202091355,20508.9659935268,19626.7165363007,912.333571527941,0
3029,457,6.70075608937781,2817.72116444705,20.860886539692,16.4275800492218,16.9352378529342,25.2819443600052,20509.5467792696,19607.3512175022,938.214561269788,0
3030,458,7.70847985230533,2761.9618611064,20.8820740344089,16.6587403435037,17.1809402603158,25.6397366885659,20695.0740225435,19488.2083321831,1240.78002529619,0
3034,459,7.85845576452268,1713.4802091064,20.8820740344089,23.3929583965273,24.3796642864201,36.0743102855307,20723.0690135363,19479.7505636761,1251.43478288784,0
3048,460,10.1465592202547,4631.81612544393,21.9096923598269,11.8680789761615,12.130628365143,18.2361621873541,25689.8007720067,30388.1511486167,-1118.53153441161,0
3064,461,7.2926815597594,3177.49494661363,20.6585701783066,15.1055470720209,15.5318279283972,23.2361783847271,20213.0126822804,18598.1822369147,1117.94000298832,0
3082,462,7.4628404680056,2195.24042677562,21.2133027378967,19.629513530935,20.3508100724282,30.2412910509083,26657.3376721851,23020.1169908701,1185.76313719563,0
3083,463,7.32203922363708,2421.99403165537,21.2010260519423,18.3092100063807,18.941326485684,28.1960258051271,26661.6009325403,22975.0300671196,1205.43028834623,0
3084,464,8.15351101356907,2430.32650206792,21.1472561330842,18.2556944627584,18.8835491177222,28.1129473765793,25496.2894852157,22642.5858971784,-1295.91703514693,0
3085,465,8.76293101436701,2585.27941206792,21.1472561330842,17.4831027522178,18.0606965948265,26.9166661851555,25563.4731687724,22589.3428254198,-1430.45400554494,0
3103,466,7.52354481738681,2818.45374566726,21.5199540215839,16.5219380516087,17.0433047840002,25.430133805564,25649.7283234321,25345.8465606338,1212.74915908485,0
3104,467,7.86786285192671,2798.78452766726,21.5199540215839,16.6021398495078,17.128514219843,25.5542605415811,25669.9476217067,25352.6966701721,1180.50730168619,0
3105,468,7.6352530785618,2952.6365681257,21.5182091089291,16.0004467919168,16.4896074357065,24.6231295474886,25652.4870005857,25343.8730407715,1226.26927820717,0
3106,469,7.46850274235708,2690.72497166726,21.5199540215839,17.0616711134384,17.6170271536172,26.2655475652984,25647.0881797786,25365.6932963793,1252.5887186537,0
3107,470,7.63315160907775,2678.06002166726,21.5199540215839,17.1177301959841,17.6766550735639,26.3523279667288,25661.6785525566,25342.6884382638,1219.54806269226,0
3109,471,7.47928105154996,2835.21553166726,21.5199540215839,16.4543874043874,16.9715482105478,25.3255902476783,25678.798989776,25342.4752789898,1245.10852358219,0
3110,472,7.49564265662517,2862.32112937888,21.5681023472708,16.3536102262033,16.8650776107652,25.16978435069,25674.8758916142,25330.9841216631,1245.47761274916,0
3112,473,7.3745095737761,2775.62679337888,21.5681023472708,16.7050727388333,17.2384726800805,25.713732618942,25667.6639930306,25338.8070698274,1185.27873457956,0
3174,474,7.2276072730284,2999.06468967663,20.374454687352,15.6717942329266,16.1280803351179,24.1110759773086,22214.4397468458,17345.1504950714,1069.11666256098,0
3175,475,7.41347438682808,2975.21053167663,20.374454687352,15.7573723886774,16.2187344269454,24.2434501957822,22234.2395880777,17281.0858901193,1116.58263066802,0
3176,476,7.3174779339978,3052.98433767663,20.374454687352,15.4827937440468,15.9279344949766,23.8187435661496,22219.6632631493,17290.9763486244,1094.0774275336,0
3190,477,8.81990079605983,2719.80293074089,20.3937237489149,16.7609568405132,17.2834196732331,25.7962495519275,18313.3375286162,18120.5159027275,-1160.85315585256,0
3191,478,9.2529861803323,2944.13774074089,20.3937237489149,15.8734661384506,16.3419697927356,24.4230970376589,18325.3926996233,18112.0869125249,-1123.59481537507,0
3192,479,8.47822292948491,2984.24708674089,20.3937237489149,15.7275148817958,16.1873278411019,24.1973270715882,18308.5813896048,18134.0212320942,-1177.44869961457,0
3195,480,10.0115299426668,4116.95462962501,19.4350387456189,12.5844163400393,12.862352796349,19.336739333788,24656.6132625645,9191.64366463055,-1131.72060891524,0
3196,481,9.63559984185673,3984.53431762501,19.4350387456189,12.8569024053302,13.1485184020771,19.7575470929589,24652.177510671,9184.60865927973,-1176.39755592027,0
3197,482,10.0329644059238,3682.18341562501,19.4350387456189,13.5434978505558,13.8705538786555,20.81814122429,24681.6313264558,9199.0903676996,-1134.15424541299,0
3197,483,4.50968074560199,2571.42046288593,19.6260565764278,17.296064992897,17.841715630934,26.6216099008547,25679.7851593248,9222.54171902135,680.835882679117,0
3240,484,8.54241680099914,2144.90880372517,20.0663503889505,19.7238385035777,20.4341212615295,30.3826195097097,23534.2967816846,15119.1129376522,-1247.72529124517,0
3269,485,7.73661239681702,1488.55915320708,20.5366627265496,25.8522784818258,27.0207027644846,39.888363599508,20500.5362627694,17510.4002457038,1248.74209231615,0
3276,486,7.11264864777186,2414.64883766375,20.6767709206896,18.2557841005219,18.877184829704,28.1113069728188,21269.7236435653,17869.4123889465,1075.76247112743,0
3277,487,6.98678225868328,2308.17515366375,20.6767709206896,18.8436887243853,19.503931593859,29.0217829312685,21288.9403237102,17901.5570735884,1085.52872452955,0
3278,488,7.27501905392884,2402.88695366375,20.6767709206896,18.3183894325558,18.9438919540982,28.2082530767289,21279.136436429,17891.4712003265,1076.84457159997,0
3279,489,7.36295175571656,3827.79180003023,20.7073786953812,13.3368647816509,13.6651479121696,20.5022345690069,21276.5513638162,17930.4046314895,1110.93101290649,0
3280,490,5.55102468199939,3437.97658043631,20.7765860149866,14.3372002210998,14.7208618691758,22.0484937807528,20580.029675054,18435.0239654817,200.778055779665,0
3286,491,7.26881421117529,1599.31025782646,20.491442640884,24.5003143318708,25.5633581004763,37.7901430254257,21197.6552352339,16932.5354380026,1107.14026249015,0
3288,492,6.67396662391941,2253.33420514877,21.2706823313486,19.2795734457857,19.9777657151269,29.6993497608517,21936.9208911584,22721.6543695885,996.604415191764,0
3296,493,6.46400162756198,2169.54168317716,21.3503847084655,19.821943244009,20.558549913561,30.5400188127407,21176.1134056394,24039.5269425558,800.721697695985,0
3297,494,6.74755960122239,2906.77392917716,21.3503847084655,16.1498752327298,16.6462579739722,24.8538164458768,21168.045695449,24013.2584804475,944.650245169234,0
3298,495,6.71198682251918,3182.67520510128,21.3567156418254,15.1790635473149,15.6171702695222,23.3519528052525,21172.9590657845,24026.3957861774,920.828453803436,0
3299,496,6.25890818935504,3039.12816317716,21.3503847084655,15.6639260242588,16.1308099774025,24.1019539539335,21189.7447199846,24017.6264710219,942.519114034448,0
3300,497,6.3877439573756,3554.13225497155,21.3469020169827,14.0860538976083,14.4612875077356,21.6617970931524,21168.5403221184,24056.0103621593,896.775965967157,0
3301,498,6.50252381028115,3011.66575684264,21.3531757065866,15.7619659709528,16.2347856303557,24.2536374748545,21201.6074108902,24024.2540688346,936.314428851194,0
3301,499,7.11347301569307,2481.07289325838,21.6036055813408,18.0705369555658,18.6922972778103,27.8278885258262,25450.1313767686,26411.7641520144,1167.15579387446,0
3302,500,7.49924435987795,2954.74731898051,21.5936812858012,16.0030874353922,16.4932645586683,24.6274510249114,25655.853617567,26395.7514234065,1222.09300580797,0
3302,501,7.16016081746306,2889.8305111494,21.3909394412013,16.2207839728274,16.7219903820648,24.9636697193021,21412.6759021943,24357.6454972283,314.478366139914,0
3303,502,6.96199926093283,3801.10004983873,21.4486899664658,13.4773824446723,13.8200055165883,20.7212487910582,21802.6185755972,24769.3373690988,1051.42652586846,0
3303,503,7.43448343975245,2840.76282566322,21.5988828100785,16.4436654278574,16.9610853841391,25.3092518451281,25635.1990987173,26410.7089201616,1161.04671811416,0
3304,504,7.2883053618234,3608.13026383873,21.4486899664658,13.9555236082461,14.3244479010905,21.4602842186213,21789.3247335941,24760.4651051948,1051.62706015369,0
3304,505,7.03532529503866,3153.20163566321,21.5988828100785,15.3068933918715,15.755146439167,23.5503895300508,25630.8908094611,26407.1055247898,1193.63676014943,0
3305,506,7.44250763821455,2994.50424898051,21.5936812858012,15.856815697697,16.3380727047156,24.401127597151,25662.4099366822,26377.7152984242,1261.95425376201,0
3314,507,10.4716287304581,2741.55385202398,21.0775323481616,16.7741697666054,17.3059581126185,25.8190404560454,21127.2253680048,21321.6639845526,-975.302418607701,0
3320,508,8.27385330854396,1675.90007845353,19.8871159732493,23.5083250838393,24.4848848892825,36.2480756904044,22591.0385256709,14306.6842401148,-1436.11148673808,0
3343,509,9.25684369840417,2061.76355779849,20.5677236651094,20.392659096949,21.1568320288987,31.4210825394027,24997.7345155661,16510.362127811,-1305.87448985938,0
3344,510,9.02528685181937,2191.74165919393,20.5830624255014,19.5275600260443,20.2324609118063,30.0807365025743,25032.8383937829,16523.7025798322,-1292.49304956921,0
3351,511,9.05379198420856,2237.61710022216,20.5674158110813,19.2402076048221,19.9254284771434,29.6355279397332,25042.0781908,16523.7088363451,-1238.71045341792,0
3353,512,8.56380851299225,1862.57729017398,20.5512034904866,21.9340531489297,22.8073682415689,33.8102290393101,24987.9560906673,16501.3359882248,-1241.36973960206,0
3362,513,6.52026637684985,3008.23783907284,20.8443654470587,15.7043529706025,16.167968344202,24.1629259792729,21392.5195446396,19607.3184371775,880.094356659182,0
3363,514,6.44527023729342,3837.28817447833,20.8410386791824,13.3290040161255,13.6580965788077,20.4904272572256,21381.4460977044,19633.9203362039,902.03458333736,0
3364,515,6.52837361707653,3442.97328074615,20.8608961334779,14.3332133669923,14.7175034104766,22.0425652683359,21394.7397475105,19653.3811876911,916.080114954028,0
3365,516,6.2809492217507,3207.73554047415,20.8646799411496,15.0353951678806,15.4598347896179,23.1283050524707,21500.5213016663,19666.5722959198,837.293622083346,0
3366,517,6.12118463566502,2768.20671047415,20.8646799411496,16.6301552421454,17.1503688006033,25.595440562602,21552.7904880527,19702.3091376642,801.332743066694,0
3367,518,6.16970057372989,3348.87814847415,20.8646799411496,14.6037552026227,15.0033823422018,22.4608510541722,21551.8297120366,19726.5235099503,789.716369714535,0
3374,519,8.45849370159526,1901.6714768543,21.0719378221279,21.7280758592126,22.5953633318354,33.4933247220352,24746.3986970188,21702.7137075447,-1248.98544242613,0
3392,520,8.06083481671503,3523.18590180748,20.9535339096444,14.1238868496371,14.4973916328357,21.7192226996119,17739.9431428893,25324.0884747949,1254.7857162331,0
3394,521,9.1897282565801,3281.88970259046,20.841301966701,14.8015427239169,15.2122323566121,22.7666095094739,17132.3730671546,25303.0377109201,-1276.57500928071,0
3395,522,9.06739150162081,3557.01646859046,20.841301966701,14.0208123186619,14.3874931747566,21.5595881410628,17115.6339094078,25261.422589688,-1353.66718639532,0
3396,523,8.65181333041899,2434.02085859046,20.841301966701,18.1827543312788,18.8016432502378,27.9988443752895,17143.2819264666,25291.0121025087,-1314.62574697393,0
3398,524,8.84188641902358,2338.19108480442,21.298303684147,18.7867071331092,19.4519645987015,28.9359548837373,24037.5276949113,24444.973816763,-1397.7402112668,0
3399,525,7.42318619308376,2237.7969211808,20.645100341524,19.2541501539263,19.9414639009973,29.6574432454211,18942.1781446969,18766.9189866578,-1481.84510521077,0
3401,526,8.34400978624993,3459.43319467509,20.5586289312169,14.2515673508746,14.6282344562828,21.9155062805389,19108.2756308417,18185.2825359727,-1358.4027572356,0
3402,527,8.73068197213356,3508.71977482714,20.5616978628481,14.1173732606064,14.4866247196668,21.7080809089207,19108.476014281,18146.2102644709,-1458.77741880191,0
3403,528,8.69745690232467,3426.21798667509,20.5586289312169,14.344191917367,14.7260274289228,22.0586908636802,19065.4934232164,18171.3000298133,-1356.84726073197,0
3404,529,8.66311637544359,3420.62338267509,20.5586289312169,14.3599511722602,14.7426683652921,22.0830530964949,19086.4491698578,18157.4871103408,-1433.59710565209,0
3405,530,8.61642075037946,3464.36701867509,20.5586289312169,14.2379441510612,14.6138530618583,21.894447265528,19095.4959852219,18165.5373793557,-1394.28207938939,0
3406,531,8.33989036584505,3260.67057067509,20.5586289312169,14.8309020245014,15.2402753568906,22.8111803648849,19108.3308657462,18185.3274491555,-1398.27082174345,0
3407,532,8.43409607919884,2974.39864867509,20.5586289312169,15.786232657149,16.2514540725502,24.2886836472355,19124.9624836678,18163.3500014709,-1420.88198411421,0
3408,533,8.5054815207094,3377.15847682713,20.5616978628481,14.4843478475708,14.874080022272,22.2753731453084,19139.1830479355,18139.5526398199,-1416.4230847258,0
3409,534,8.73730889263423,3313.74562282714,20.5616978628481,14.6705071066486,15.0707678514019,22.5631878455763,19122.7404919088,18154.9822363166,-1392.18843686277,0
3410,535,8.82891493543271,2883.82085288212,20.5516885565344,16.1228430631175,16.6082059599314,24.8094083671382,19108.8724206252,18173.2423250169,-1377.10049840594,0
3577,536,9.3407616419328,2646.40786336159,21.6847767797879,17.2858992206573,17.8576281290766,26.6132342874262,20823.4802290132,29013.011229141,-1229.44933770215,0
3768,537,6.37229556006593,3499.32325055178,21.5867975142501,14.2616873687361,14.6491377993336,21.93396790887,21965.7168688626,26056.0945555351,936.900440512755,0
3769,538,6.60376768344852,4655.00544455178,21.5867975142501,11.8024805140515,12.0593468737656,18.1341964264529,21961.8045913487,26077.6421499773,905.116025744943,0
3849,539,9.64526389512711,3645.28355722994,19.6377134119601,13.6572898377337,13.9923747733608,20.9945118412331,25441.2447149435,10768.2764667124,-1186.59609184029,0
3850,540,9.89968290856189,3741.93783093689,19.673804822722,13.4264671632799,13.7497141607356,20.6379783674375,25438.6443256907,10760.0516208318,-1251.76916640052,0
3851,541,9.20110158768742,3434.23461093689,19.673804822722,14.2149936699665,14.5805239421601,21.8564598934381,25411.8688591625,10787.9565694636,-1211.26613236434,0
3943,542,8.1486475967687,4567.25595230313,20.9898870184343,11.8989606322958,12.1559991262053,18.2819030148231,29806.3189770595,18861.6620606952,-1477.99198775767,0
3944,543,6.67908656884388,2883.9035828743,21.0374784171826,16.192907561882,16.6882780742428,24.9193977443717,28400.9438629054,20922.5769844891,1042.62753065594,0
3944,544,3.40824649119734,2901.53971319684,20.981550160196,16.1171941298583,16.6072907038919,24.8020669070462,30581.0204620122,18791.412829784,541.089888888907,0
3945,545,8.35021764729423,3547.31160814589,20.9843143457732,14.0628920825884,14.4333064922364,21.6250196685086,29769.9630948026,18882.5381313789,-1499.8131385092,0
3948,546,8.65764321237011,3321.42134030313,20.9898870184343,14.7005857830732,15.1070391109154,22.6109296162796,29817.2989264732,18862.4911569696,-1470.92419553928,0
3949,547,8.76821820429397,3087.03428614589,20.9843143457732,15.4485206974212,15.8984908993021,23.7676202549014,29789.0122900972,18863.5819453478,-1463.73103572338,0
3950,548,8.45587602767462,3278.91442721576,20.9713015535806,14.8268958678438,15.2404111625228,22.8061907592106,29792.8425600882,18887.1469148679,-1489.67399239153,0
3951,549,8.51026739520946,2745.75307121575,20.9713015535806,16.7402225333927,17.2685869473564,25.7661417153762,29800.3063880886,18886.5368150024,-1520.37723593313,0
3952,550,7.88707822664,2290.85328220562,20.3622529014678,18.8846725758014,19.5430721798573,29.0840002726185,20137.3641975518,19214.3854328053,-1340.23648035435,0
3958,551,8.44172670188535,2043.25901620562,20.3622529014678,20.4802957413483,21.2472711338018,31.5559807175203,20101.4066101709,19243.9243055902,-1390.60541021705,0
3961,552,8.00691964612408,2140.51313059092,20.3649850021094,19.8137480527881,20.5348084504581,30.5231932960739,20129.999622316,19279.530888103,-1490.81608778233,0
4092,553,10.4267072465561,3224.30797300148,20.8498191292339,14.981062785126,15.4021932616315,23.0442385492117,30062.5802239889,17930.0957149222,-1089.0124013272,0
4093,554,10.0117789938498,3197.03187015825,20.8365627117441,15.0658966162162,15.4918049806141,23.1753916160655,30056.272635405,17970.2078990919,-1051.09837249242,0
4156,555,7.93378409784189,2680.70255386916,20.1003432016832,16.8827195557288,17.4089744091565,25.9836496673375,20861.0416656376,17452.368439524,-1436.91801118407,0
4158,556,8.26323389123632,2884.94965186916,20.1003432016832,16.0525931217869,16.5283131855244,24.6992355045929,20864.0683985745,17430.6690479471,-1503.98730906444,0
4216,557,6.6791818273458,1680.51726604522,21.0526926880603,23.7741595705985,24.7927367018392,36.6665191905714,21045.3520777876,24816.2015617583,1042.73158816054,0
4217,558,6.65437592657352,2522.32896004522,21.0526926880603,17.770691359452,18.3655964224968,27.3615834583049,21049.5319304262,24832.5583410962,993.827402150721,0
4222,559,8.62642726291038,2359.38520918971,21.637172083044,18.7282778340194,19.3943060556708,28.8467422226921,25608.2347246752,27059.4125301527,-1372.6366692219,0
4233,560,7.04249506112045,2504.15222226809,21.0227070874798,17.8556870583205,18.4557055295118,27.4930762467372,21491.5883450522,24334.7859414648,1118.16688393497,0
4234,561,6.84594988836338,2668.26794826809,21.0227070874798,17.0834332707159,17.6339813529875,26.2975298818355,21472.3217597175,24333.0346711874,1055.43926391122,0
4235,562,7.34207043407618,2856.21580626809,21.0227070874798,16.2985563492295,16.8002218566438,25.0828253253787,21445.6706463439,24320.4316634398,1045.60649758249,0
4236,563,7.08767467524163,2280.52354877206,21.0356058409001,19.0722388719109,19.7529840492372,29.3772220611305,21478.2112024115,24316.1139290998,1074.85456198987,0
4290,564,8.83577449850288,5080.98495289417,21.71400429921,11.1593883498797,11.3860805420459,17.1416317396575,24181.1574368145,28809.2828927139,-1377.98181131835,0
4291,565,8.82513854607741,5248.55876089417,21.71400429921,10.927908356224,11.1437330811116,16.7843571427344,24197.9281546833,28812.1851872648,-1371.58944216477,0
4449,566,7.5967940697337,2291.26615002579,19.948222882488,18.8036130670672,19.4505410419946,28.9567804704068,22179.7554097011,16547.2320633079,1181.51629635742,0
4450,567,8.10241445615939,2674.00025474401,19.9513293366711,16.8880570812005,17.4127150469235,25.991378762627,22012.3485312922,16500.4063832538,-1476.15666845239,0
4484,568,9.93992618680503,4027.20790921935,21.5686490009576,12.9811407734246,13.2981963656564,19.954712142337,28312.747309271,25355.3062836994,-1102.47999040933,0
4485,569,9.75855076073637,3974.80805521935,21.5686490009576,13.0944743841907,13.4175537068206,20.1298278122018,28341.3074584999,25331.5040890404,-1170.82111485618,0
4486,570,10.2647341999494,4086.63405721935,21.5686490009576,12.855737018503,13.166171891033,19.7609586686441,28356.5042289421,25340.3884856798,-1176.36329345236,0
4487,571,10.3381755242657,3914.68307647847,21.5832041063008,13.2293073597142,13.5597307741401,20.338211799647,28425.5598775137,26047.1322854488,-1066.47253144839,0
4488,572,10.6410501686659,3749.17971247847,21.5832041063008,13.6160433224797,13.967462107193,20.9358913611659,28401.3701631665,26054.2874741842,-1102.77608304053,0
4489,573,10.5850631545068,4234.02190693941,21.5862807884737,12.5598623571256,12.8550089763395,19.3039126446538,28412.4092567213,26033.744926728,-1061.6591316678,0
4489,574,5.25261944527999,2642.21580342459,21.5033769727336,17.2764150764259,17.8452735517794,26.5979283761953,29475.9717835643,26021.6150136636,573.827944155262,0
4490,575,10.3374388195107,4076.72257126795,21.5656925080795,12.8761406936625,13.1876244485506,19.792475294692,28427.2770180172,26029.8288433722,-1131.7789870433,0
4491,576,10.7542718245046,4194.91408726795,21.5656925080795,12.6350826030386,12.9339582587886,19.4200640296014,28440.3103566483,26030.7505042903,-1066.67377917036,0
4492,577,10.3715961288029,3811.0671533198,21.562396203009,13.4657560427365,13.8087768084485,20.7035646264885,28447.8924081516,26009.7307857035,-1083.4402126055,0
4515,578,10.4646739176103,4232.3582533172,21.2176550575187,12.5287572223574,12.8192580672302,19.2550247663527,19457.9394700051,28888.5693481189,-1093.75261536313,0
4516,579,10.591795842584,4407.7512913172,21.2176550575187,12.1989798853204,12.4727305829466,18.7456872886883,19469.1967917255,28898.8283317952,-1110.82608312751,0
4516,580,4.60780273477596,2881.48613045564,21.3440485825198,16.24639005089,16.7486264165399,25.0031430590759,20484.6305620166,28894.8126681246,555.914242562321,0
4573,581,10.1384371415718,2981.4258003672,20.3544061968541,15.7321360450999,16.1917660511786,24.2043492505052,28465.6856889524,17069.6698091909,-1012.26149864198,0
4574,582,5.18230841641606,2190.0535580538,20.4419612610592,19.5101987117951,20.2117828775177,30.0532516942681,29492.9981719239,17106.8932757156,596.586027179118,0
4575,583,10.1313782909882,2819.7109083672,20.3544061968541,16.3440796875123,16.840480974552,25.151047696755,28478.5960931638,17072.6431947575,-1093.73698906794,0
4692,584,9.50303093752337,2913.17829332652,20.6395336330351,16.0239834604294,16.5044152979937,24.6567471875505,23327.7922503131,22537.5018857404,-1225.53392028731,0
4693,585,8.60881068607312,2987.00944532652,20.6395336330351,15.7519994996092,16.2161135513464,24.2359853980807,23305.6939441246,22568.5326941907,-1214.99889113461,0
4755,586,8.88717930370247,3245.3543300113,21.3489155971612,14.9781548312735,15.4044028948524,23.0411984459633,26315.7934064634,27632.7936286796,-1312.67605038206,0
4983,587,8.17111857270817,2300.00399568539,21.5934930686003,19.0612761975283,19.7492200481213,29.3624268591641,24617.8776354729,27073.5106097291,-1456.66538427301,0
4984,588,8.20118958577807,2631.2136459837,21.6186331203412,17.3449821783164,17.9196847851007,26.7044787511926,24651.3546169686,27137.795904955,-1525.65157522205,0
4985,589,7.12568563037126,4896.26334967105,21.567552762834,11.4190285513413,11.6570722066403,17.5421376973292,23464.428051263,27312.3138564874,1229.66811803851,0
4986,590,7.64819508387008,4479.26175638874,21.4445188694675,12.0909605605318,12.3610841937894,18.5793660265404,22342.8504005673,27358.0464751871,-1490.99786516488,0
4989,591,7.80262387436427,5486.81579118556,21.721452531179,10.6207120839799,10.8224471564922,16.3103105615352,24587.7473816973,27985.212027833,1208.40946736333,0
4991,592,7.50071741948256,3708.68786092031,21.8406423502059,13.7429981466942,14.1037781729173,21.1327739075057,24604.5596011438,28058.0613835632,1252.99281972803,0
4991,593,9.12292627939734,3943.92857019282,21.8217421166598,13.1879107470014,13.5181960272241,20.2748174359781,25900.1829488325,27995.111588704,-1369.37919307151,0
4998,594,10.4242449174087,2503.42391684067,21.4493291702277,17.9312526494139,18.5418346058244,27.6116375134377,26281.3034479429,25734.2359918876,-1095.13972874335,0
