spatialFrequency, correlation, smoothCorrelation
0,0.999999,1.00956
2.30033e-05,0.999993,1.00911
4.60066e-05,0.999956,1.00866
6.90099e-05,0.999926,1.00819
9.20133e-05,0.999839,1.00771
0.000115017,0.999736,1.00723
0.00013802,0.999637,1.00674
0.000161023,0.999588,1.00624
0.000184027,0.999495,1.00573
0.00020703,0.999405,1.00521
0.000230033,0.999145,1.00469
0.000253036,0.999126,1.00416
0.00027604,0.999342,1.00362
0.000299043,0.999191,1.00307
0.000322046,0.999146,1.00252
0.00034505,0.999052,1.00197
0.000368053,0.998589,1.0014
0.000391056,0.998396,1.00083
0.00041406,0.998542,1.00026
0.000437063,0.998564,0.999682
0.000460066,0.998347,0.9991
0.00048307,0.998311,0.998513
0.000506073,0.998392,0.99792
0.000529076,0.99795,0.997326
0.00055208,0.99801,0.996727
0.000575083,0.997897,0.996123
0.000598086,0.997558,0.995518
0.000621089,0.997586,0.994909
0.000644093,0.996938,0.994298
0.000667096,0.996259,0.993682
0.000690099,0.995084,0.993065
0.000713103,0.995769,0.992446
0.000736106,0.994745,0.991825
0.000759109,0.994007,0.991201
0.000782113,0.99345,0.990574
0.000805116,0.994065,0.989947
0.000828119,0.993683,0.989319
0.000851123,0.9931,0.988687
0.000874126,0.992998,0.988056
0.000897129,0.994192,0.987423
0.000920133,0.992792,0.986787
0.000943136,0.991687,0.98615
0.000966139,0.991274,0.985513
0.000989142,0.990825,0.984874
0.00101215,0.990085,0.984233
0.00103515,0.990829,0.983591
0.00105815,0.991133,0.982948
0.00108116,0.989789,0.982305
0.00110416,0.987205,0.981658
0.00112716,0.987437,0.981012
0.00115017,0.987949,0.980365
0.00117317,0.987801,0.979715
0.00119617,0.98807,0.979064
0.00121918,0.985815,0.978412
0.00124218,0.984617,0.97776
0.00126518,0.984615,0.977105
0.00128819,0.981681,0.97645
0.00131119,0.981389,0.975793
0.00133419,0.98231,0.975134
0.0013572,0.984755,0.974474
0.0013802,0.981241,0.973816
0.0014032,0.981608,0.973153
0.00142621,0.97844,0.972489
0.00144921,0.974084,0.971825
0.00147221,0.974096,0.971157
0.00149522,0.976276,0.970491
0.00151822,0.974107,0.969823
0.00154122,0.974759,0.96915
0.00156423,0.972952,0.968479
0.00158723,0.970242,0.967804
0.00161023,0.968411,0.967129
0.00163324,0.961075,0.966453
0.00165624,0.965599,0.965774
0.00167924,0.965855,0.965095
0.00170225,0.972467,0.964413
0.00172525,0.974384,0.96373
0.00174825,0.970041,0.963044
0.00177126,0.965143,0.962357
0.00179426,0.959233,0.961669
0.00181726,0.964666,0.960979
0.00184027,0.961544,0.960287
0.00186327,0.962066,0.959593
0.00188627,0.95605,0.958897
0.00190927,0.952961,0.9582
0.00193228,0.959719,0.957501
0.00195528,0.956149,0.9568
0.00197828,0.957175,0.956097
0.00200129,0.952208,0.955394
0.00202429,0.944334,0.954687
0.00204729,0.945871,0.953979
0.0020703,0.938208,0.953269
0.0020933,0.943978,0.952556
0.0021163,0.947606,0.951843
0.00213931,0.949573,0.951128
0.00216231,0.954301,0.950411
0.00218531,0.951716,0.949691
0.00220832,0.949543,0.94897
0.00223132,0.954295,0.948248
0.00225432,0.958733,0.947522
0.00227733,0.953844,0.946796
0.00230033,0.941033,0.946069
0.00232333,0.940244,0.945338
0.00234634,0.941464,0.944606
0.00236934,0.943719,0.943872
0.00239234,0.939935,0.943137
0.00241535,0.942892,0.942401
0.00243835,0.938142,0.941662
0.00246135,0.934494,0.940921
0.00248436,0.936422,0.940178
0.00250736,0.934498,0.939434
0.00253036,0.932116,0.938687
0.00255337,0.937362,0.93794
0.00257637,0.932126,0.93719
0.00259937,0.939251,0.936439
0.00262238,0.939499,0.935685
0.00264538,0.934386,0.93493
0.00266838,0.937437,0.934173
0.00269139,0.936205,0.933413
0.00271439,0.932704,0.932652
0.00273739,0.931878,0.931889
0.0027604,0.928453,0.931124
0.0027834,0.931414,0.930357
0.0028064,0.935974,0.929588
0.00282941,0.938487,0.928817
0.00285241,0.934766,0.928044
0.00287541,0.93396,0.927269
0.00289842,0.937118,0.926492
0.00292142,0.929446,0.925713
0.00294442,0.923644,0.924932
0.00296743,0.924797,0.924148
0.00299043,0.925938,0.923364
0.00301343,0.924467,0.922576
0.00303644,0.92514,0.921787
0.00305944,0.923521,0.920996
0.00308244,0.926909,0.920204
0.00310545,0.925592,0.919409
0.00312845,0.924524,0.918612
0.00315145,0.921843,0.917814
0.00317446,0.922178,0.917014
0.00319746,0.92297,0.916213
0.00322046,0.922911,0.91541
0.00324347,0.922637,0.914605
0.00326647,0.917219,0.913799
0.00328947,0.916038,0.912992
0.00331248,0.915488,0.912183
0.00333548,0.917232,0.911373
0.00335848,0.917856,0.910561
0.00338149,0.913994,0.909748
0.00340449,0.917885,0.908934
0.00342749,0.915488,0.908118
0.0034505,0.91923,0.9073
0.0034735,0.911854,0.906482
0.0034965,0.912199,0.905662
0.00351951,0.915729,0.904841
0.00354251,0.91268,0.904019
0.00356551,0.902895,0.903195
0.00358852,0.902327,0.90237
0.00361152,0.906806,0.901545
0.00363452,0.897633,0.900717
0.00365753,0.898751,0.899889
0.00368053,0.891734,0.899059
0.00370353,0.896315,0.898228
0.00372654,0.892112,0.897397
0.00374954,0.893055,0.896564
0.00377254,0.893481,0.89573
0.00379555,0.894619,0.894895
0.00381855,0.892453,0.894059
0.00384155,0.907544,0.893221
0.00386456,0.900548,0.892383
0.00388756,0.889166,0.891544
0.00391056,0.885239,0.890704
0.00393357,0.889312,0.889863
0.00395657,0.887949,0.88902
0.00397957,0.894485,0.888177
0.00400258,0.888806,0.887333
0.00402558,0.894065,0.886488
0.00404858,0.893885,0.885642
0.00407159,0.884999,0.884795
0.00409459,0.888467,0.883947
0.00411759,0.894879,0.883098
0.0041406,0.892349,0.882248
0.0041636,0.88522,0.881398
0.0041866,0.880117,0.880545
0.00420961,0.878631,0.879692
0.00423261,0.88328,0.878838
0.00425561,0.878547,0.877982
0.00427862,0.871773,0.877126
0.00430162,0.869595,0.876269
0.00432462,0.881307,0.87541
0.00434763,0.879576,0.874551
0.00437063,0.876133,0.87369
0.00439363,0.876822,0.872827
0.00441664,0.867651,0.871964
0.00443964,0.869486,0.871099
0.00446264,0.85976,0.870233
0.00448565,0.865254,0.869366
0.00450865,0.862356,0.868498
0.00453165,0.8672,0.867628
0.00455466,0.871059,0.866757
0.00457766,0.872241,0.865884
0.00460066,0.867017,0.865011
0.00462367,0.867567,0.864135
0.00464667,0.865916,0.863258
0.00466967,0.865518,0.862381
0.00469268,0.871802,0.8615
0.00471568,0.865892,0.860619
0.00473868,0.864999,0.859736
0.00476169,0.862377,0.858852
0.00478469,0.85637,0.857966
0.00480769,0.85959,0.857078
0.0048307,0.845026,0.85619
0.0048537,0.846804,0.855299
0.0048767,0.848082,0.854407
0.00489971,0.855894,0.853512
0.00492271,0.867226,0.852617
0.00494571,0.860254,0.851721
0.00496872,0.85282,0.850821
0.00499172,0.84975,0.84992
0.00501472,0.851847,0.849018
0.00503773,0.856124,0.848114
0.00506073,0.845352,0.847208
0.00508373,0.850637,0.846301
0.00510674,0.842653,0.845392
0.00512974,0.841244,0.844481
0.00515274,0.841036,0.843568
0.00517575,0.841928,0.842654
0.00519875,0.843786,0.841739
0.00522175,0.848507,0.840822
0.00524476,0.847512,0.839903
0.00526776,0.843755,0.838982
0.00529076,0.842511,0.83806
0.00531377,0.849034,0.837137
0.00533677,0.8407,0.836212
0.00535977,0.838589,0.835285
0.00538278,0.83629,0.834358
0.00540578,0.840367,0.833428
0.00542878,0.83423,0.832497
0.00545178,0.819709,0.831565
0.00547479,0.820091,0.830632
0.00549779,0.824365,0.829697
0.0055208,0.821931,0.828761
0.0055438,0.828642,0.827824
0.0055668,0.828425,0.826885
0.00558981,0.827565,0.825945
0.00561281,0.82412,0.825004
0.00563581,0.817737,0.824062
0.00565881,0.817492,0.823119
0.00568182,0.821981,0.822175
0.00570482,0.815817,0.821229
0.00572782,0.810132,0.820283
0.00575083,0.831984,0.819335
0.00577383,0.828643,0.818385
0.00579683,0.821972,0.817436
0.00581984,0.813941,0.816484
0.00584284,0.809121,0.815532
0.00586584,0.812627,0.814578
0.00588885,0.813528,0.813623
0.00591185,0.822515,0.812667
0.00593485,0.819287,0.81171
0.00595786,0.802218,0.810751
0.00598086,0.795972,0.809791
0.00600386,0.828109,0.80883
0.00602687,0.808757,0.807868
0.00604987,0.812271,0.806903
0.00607287,0.816809,0.805937
0.00609588,0.822723,0.80497
0.00611888,0.816554,0.804001
0.00614188,0.809736,0.80303
0.00616489,0.807514,0.802058
0.00618789,0.794741,0.801083
0.00621089,0.78628,0.800107
0.0062339,0.776117,0.799129
0.0062569,0.779014,0.798149
0.0062799,0.787645,0.797167
0.00630291,0.791541,0.796183
0.00632591,0.803672,0.795197
0.00634891,0.780632,0.794208
0.00637192,0.79717,0.793218
0.00639492,0.796004,0.792225
0.00641792,0.787266,0.79123
0.00644093,0.79421,0.790233
0.00646393,0.789165,0.789234
0.00648693,0.789765,0.788232
0.00650994,0.797052,0.787228
0.00653294,0.792305,0.786222
0.00655594,0.782903,0.785214
0.00657895,0.779947,0.784203
0.00660195,0.784668,0.783191
0.00662495,0.784815,0.782176
0.00664796,0.793056,0.781159
0.00667096,0.788845,0.78014
0.00669396,0.790674,0.779119
0.00671697,0.788055,0.778096
0.00673997,0.769985,0.77707
0.00676297,0.786335,0.776043
0.00678598,0.787213,0.775013
0.00680898,0.775029,0.773983
0.00683198,0.775194,0.772949
0.00685499,0.773421,0.771914
0.00687799,0.789538,0.770876
0.00690099,0.802767,0.769836
0.006924,0.783306,0.768795
0.006947,0.777354,0.767751
0.00697,0.760599,0.766705
0.00699301,0.76245,0.765657
0.00701601,0.757188,0.764607
0.00703901,0.776245,0.763555
0.00706202,0.776826,0.7625
0.00708502,0.770203,0.761443
0.00710802,0.756765,0.760383
0.00713103,0.759121,0.759322
0.00715403,0.760601,0.758258
0.00717703,0.752214,0.757192
0.00720004,0.754989,0.756123
0.00722304,0.753398,0.755052
0.00724604,0.774139,0.753978
0.00726905,0.775343,0.752901
0.00729205,0.764485,0.751822
0.00731505,0.757531,0.750741
0.00733806,0.754267,0.749658
0.00736106,0.752806,0.748571
0.00738406,0.74853,0.747482
0.00740707,0.760405,0.74639
0.00743007,0.744722,0.745296
0.00745307,0.743285,0.744198
0.00747608,0.743187,0.743098
0.00749908,0.728011,0.741996
0.00752208,0.737017,0.74089
0.00754509,0.744894,0.739782
0.00756809,0.741803,0.738671
0.00759109,0.737105,0.737557
0.0076141,0.730892,0.73644
0.0076371,0.737768,0.73532
0.0076601,0.747403,0.734197
0.00768311,0.74992,0.733072
0.00770611,0.744776,0.731943
0.00772911,0.740492,0.730811
0.00775212,0.724947,0.729676
0.00777512,0.736735,0.728538
0.00779812,0.719962,0.727397
0.00782113,0.729103,0.726253
0.00784413,0.726014,0.725106
0.00786713,0.715405,0.723955
0.00789014,0.727554,0.722801
0.00791314,0.720211,0.721643
0.00793614,0.7083,0.720483
0.00795915,0.707689,0.719318
0.00798215,0.713719,0.71815
0.00800515,0.697657,0.71698
0.00802816,0.712478,0.715805
0.00805116,0.725503,0.714627
0.00807416,0.720858,0.713445
0.00809717,0.720655,0.712261
0.00812017,0.729668,0.711073
0.00814317,0.741846,0.709882
0.00816618,0.733954,0.708689
0.00818918,0.726304,0.707491
0.00821218,0.718145,0.70629
0.00823519,0.70069,0.705087
0.00825819,0.705475,0.703881
0.00828119,0.688936,0.702671
0.0083042,0.710551,0.701459
0.0083272,0.711594,0.700243
0.0083502,0.710659,0.699025
0.00837321,0.699986,0.697804
0.00839621,0.712894,0.69658
0.00841921,0.707421,0.695354
0.00844222,0.693057,0.694124
0.00846522,0.723673,0.692892
0.00848822,0.726492,0.691657
0.00851123,0.707625,0.690419
0.00853423,0.685053,0.689178
0.00855723,0.682633,0.687935
0.00858024,0.685989,0.686689
0.00860324,0.690124,0.68544
0.00862624,0.677633,0.684189
0.00864925,0.682449,0.682935
0.00867225,0.680581,0.681678
0.00869525,0.696672,0.680419
0.00871825,0.696975,0.679157
0.00874126,0.69366,0.677894
0.00876426,0.686385,0.676628
0.00878727,0.674139,0.675359
0.00881027,0.677492,0.674088
0.00883327,0.678395,0.672815
0.00885628,0.675319,0.67154
0.00887928,0.67711,0.670263
0.00890228,0.667888,0.668983
0.00892529,0.668314,0.667702
0.00894829,0.663048,0.666418
0.00897129,0.653582,0.665133
0.0089943,0.656484,0.663846
0.0090173,0.644095,0.662557
0.0090403,0.655992,0.661266
0.00906331,0.650012,0.659974
0.00908631,0.657498,0.658679
0.00910931,0.647589,0.657382
0.00913232,0.652737,0.656084
0.00915532,0.655801,0.654784
0.00917832,0.64524,0.653482
0.00920132,0.649104,0.652179
0.00922433,0.664098,0.650874
0.00924733,0.665885,0.649567
0.00927033,0.649343,0.648258
0.00929334,0.637886,0.646947
0.00931634,0.635482,0.645634
0.00933934,0.643255,0.644321
0.00936235,0.65026,0.643005
0.00938535,0.654949,0.641687
0.00940835,0.668106,0.640368
0.00943136,0.644417,0.639048
0.00945436,0.63629,0.637724
0.00947736,0.636833,0.636399
0.00950037,0.650974,0.635074
0.00952337,0.654433,0.633745
0.00954637,0.647085,0.632415
0.00956938,0.649099,0.631084
0.00959238,0.643614,0.62975
0.00961538,0.631033,0.628415
0.00963839,0.6339,0.627078
0.00966139,0.646341,0.62574
0.00968439,0.636577,0.624399
0.0097074,0.629729,0.623057
0.0097304,0.638643,0.621713
0.0097534,0.627617,0.620366
0.00977641,0.61194,0.619018
0.00979941,0.612681,0.617668
0.00982241,0.607617,0.616316
0.00984542,0.611153,0.614963
0.00986842,0.61683,0.613608
0.00989142,0.61899,0.612251
0.00991443,0.609153,0.610891
0.00993743,0.587254,0.60953
0.00996043,0.610419,0.608168
0.00998344,0.598056,0.606803
0.0100064,0.603962,0.605437
0.0100294,0.609158,0.604069
0.0100524,0.594412,0.602699
0.0100755,0.603589,0.601328
0.0100985,0.611706,0.599955
0.0101215,0.595072,0.598581
0.0101445,0.586457,0.597205
0.0101675,0.592496,0.595828
0.0101905,0.587617,0.594451
0.0102135,0.596574,0.593071
0.0102365,0.614595,0.591692
0.0102595,0.601805,0.59031
0.0102825,0.583139,0.588928
0.0103055,0.591577,0.587546
0.0103285,0.590909,0.586161
0.0103515,0.576574,0.584777
0.0103745,0.561454,0.583392
0.0103975,0.564719,0.582006
0.0104205,0.563752,0.580619
0.0104435,0.583505,0.579231
0.0104665,0.576553,0.577844
0.0104895,0.588907,0.576455
0.0105125,0.569944,0.575066
0.0105355,0.567266,0.573677
0.0105585,0.564238,0.572286
0.0105815,0.552118,0.570895
0.0106045,0.571414,0.569504
0.0106275,0.5697,0.568111
0.0106505,0.580273,0.566719
0.0106735,0.567644,0.565326
0.0106965,0.57169,0.563931
0.0107195,0.578933,0.562538
0.0107425,0.550841,0.561143
0.0107656,0.534485,0.559746
0.0107886,0.532941,0.558351
0.0108116,0.520138,0.556954
0.0108346,0.541031,0.555556
0.0108576,0.548224,0.554158
0.0108806,0.549046,0.55276
0.0109036,0.543356,0.551361
0.0109266,0.535724,0.549962
0.0109496,0.518007,0.548562
0.0109726,0.543247,0.547162
0.0109956,0.544473,0.545762
0.0110186,0.578314,0.544361
0.0110416,0.569444,0.542961
0.0110646,0.565101,0.541561
0.0110876,0.560582,0.540161
0.0111106,0.549589,0.53876
0.0111336,0.559598,0.53736
0.0111566,0.556686,0.535959
0.0111796,0.540201,0.534559
0.0112026,0.536547,0.533159
0.0112256,0.552136,0.531759
0.0112486,0.536354,0.530359
0.0112716,0.539738,0.52896
0.0112946,0.5351,0.52756
0.0113176,0.518724,0.52616
0.0113406,0.521792,0.524761
0.0113636,0.496333,0.523361
0.0113866,0.499858,0.521962
0.0114096,0.532287,0.520563
0.0114326,0.515235,0.519164
0.0114556,0.509415,0.517765
0.0114787,0.535882,0.516367
0.0115017,0.503307,0.514969
0.0115247,0.515002,0.513571
0.0115477,0.515154,0.512173
0.0115707,0.484548,0.510775
0.0115937,0.487851,0.509378
0.0116167,0.497501,0.507981
0.0116397,0.523893,0.506585
0.0116627,0.537381,0.505189
0.0116857,0.528242,0.503794
0.0117087,0.516167,0.502399
0.0117317,0.509117,0.501005
0.0117547,0.489991,0.499612
0.0117777,0.487204,0.49822
0.0118007,0.523178,0.496829
0.0118237,0.534777,0.495439
0.0118467,0.524741,0.494049
0.0118697,0.517507,0.492661
0.0118927,0.501406,0.491273
0.0119157,0.48369,0.489887
0.0119387,0.481571,0.488501
0.0119617,0.494723,0.487117
0.0119847,0.485684,0.485735
0.0120077,0.469153,0.484352
0.0120307,0.477204,0.482971
0.0120537,0.470103,0.481591
0.0120767,0.479362,0.480212
0.0120997,0.474932,0.478834
0.0121227,0.454552,0.477458
0.0121457,0.477161,0.476082
0.0121688,0.46942,0.474708
0.0121918,0.466172,0.473335
0.0122148,0.44839,0.471963
0.0122378,0.466377,0.470592
0.0122608,0.47742,0.469222
0.0122838,0.454013,0.467854
0.0123068,0.451633,0.466486
0.0123298,0.44316,0.46512
0.0123528,0.430357,0.463755
0.0123758,0.446168,0.46239
0.0123988,0.439368,0.461027
0.0124218,0.453371,0.459665
0.0124448,0.450967,0.458304
0.0124678,0.456311,0.456944
0.0124908,0.464161,0.455585
0.0125138,0.462209,0.454226
0.0125368,0.455542,0.45287
0.0125598,0.448872,0.451514
0.0125828,0.447045,0.450158
0.0126058,0.439414,0.448804
0.0126288,0.446605,0.44745
0.0126518,0.444871,0.446097
0.0126748,0.429082,0.444745
0.0126978,0.426645,0.443394
0.0127208,0.423738,0.442043
0.0127438,0.450336,0.440694
0.0127668,0.443177,0.439345
0.0127898,0.433787,0.437996
0.0128128,0.447871,0.436649
0.0128358,0.446537,0.435301
0.0128589,0.43689,0.433955
0.0128819,0.424036,0.432609
0.0129049,0.425288,0.431264
0.0129279,0.423537,0.429919
0.0129509,0.431789,0.428575
0.0129739,0.438378,0.427231
0.0129969,0.436193,0.425887
0.0130199,0.439589,0.424544
0.0130429,0.429285,0.423202
0.0130659,0.419431,0.421861
0.0130889,0.436202,0.42052
0.0131119,0.443396,0.419179
0.0131349,0.443807,0.417838
0.0131579,0.447155,0.416498
0.0131809,0.423463,0.415159
0.0132039,0.411856,0.413819
0.0132269,0.434081,0.41248
0.0132499,0.438703,0.411142
0.0132729,0.417469,0.409802
0.0132959,0.400502,0.408463
0.0133189,0.381689,0.407125
0.0133419,0.385437,0.405787
0.0133649,0.391679,0.404448
0.0133879,0.403854,0.403109
0.0134109,0.401505,0.401771
0.0134339,0.391427,0.400433
0.0134569,0.394614,0.399094
0.0134799,0.396278,0.397756
0.0135029,0.385809,0.396417
0.0135259,0.387629,0.395079
0.013549,0.370908,0.393741
0.013572,0.361937,0.392403
0.013595,0.347059,0.391065
0.013618,0.35441,0.389727
0.013641,0.344876,0.388389
0.013664,0.369015,0.387053
0.013687,0.392878,0.385716
0.01371,0.405877,0.38438
0.013733,0.394094,0.383045
0.013756,0.375817,0.381709
0.013779,0.375287,0.380376
0.013802,0.373291,0.379042
0.013825,0.366879,0.37771
0.013848,0.357938,0.37638
0.013871,0.34648,0.37505
0.013894,0.369708,0.373722
0.013917,0.391102,0.372396
0.01394,0.401288,0.371072
0.013963,0.382478,0.36975
0.013986,0.369375,0.368429
0.014009,0.362151,0.367111
0.014032,0.386623,0.365796
0.014055,0.357683,0.364482
0.014078,0.366096,0.363171
0.014101,0.350006,0.361862
0.014124,0.365163,0.360555
0.014147,0.371074,0.359251
0.01417,0.344225,0.357948
0.014193,0.315873,0.356649
0.014216,0.339585,0.355351
0.0142391,0.37568,0.354056
0.0142621,0.356953,0.352763
0.0142851,0.379795,0.351473
0.0143081,0.355899,0.350184
0.0143311,0.321302,0.348898
0.0143541,0.332449,0.347614
0.0143771,0.365793,0.346332
0.0144001,0.340892,0.345052
0.0144231,0.350203,0.343775
0.0144461,0.34,0.3425
0.0144691,0.319391,0.341227
0.0144921,0.319122,0.339956
0.0145151,0.353036,0.338688
0.0145381,0.348555,0.337422
0.0145611,0.344479,0.336157
0.0145841,0.352312,0.334894
0.0146071,0.3539,0.333634
0.0146301,0.347437,0.332375
0.0146531,0.35563,0.331118
0.0146761,0.34123,0.329863
0.0146991,0.338517,0.328609
0.0147221,0.345631,0.327356
0.0147451,0.346462,0.326105
0.0147681,0.337641,0.324855
0.0147911,0.316874,0.323608
0.0148141,0.316469,0.322359
0.0148371,0.31848,0.321113
0.0148601,0.313982,0.319866
0.0148831,0.291511,0.318622
0.0149061,0.305657,0.317378
0.0149292,0.289149,0.316135
0.0149522,0.324844,0.314891
0.0149752,0.296815,0.313649
0.0149982,0.307431,0.312408
0.0150212,0.31592,0.311168
0.0150442,0.313995,0.309929
0.0150672,0.320624,0.308689
0.0150902,0.299932,0.30745
0.0151132,0.306762,0.306213
0.0151362,0.291239,0.304977
0.0151592,0.284645,0.303742
0.0151822,0.28528,0.302506
0.0152052,0.310794,0.301273
0.0152282,0.321203,0.30004
0.0152512,0.292537,0.298809
0.0152742,0.274926,0.297579
0.0152972,0.294975,0.29635
0.0153202,0.287118,0.295123
0.0153432,0.321176,0.293897
0.0153662,0.30752,0.292674
0.0153892,0.307526,0.291452
0.0154122,0.287086,0.290232
0.0154352,0.312628,0.289013
0.0154582,0.294785,0.287796
0.0154812,0.278909,0.286583
0.0155042,0.283586,0.285371
0.0155272,0.275888,0.284161
0.0155502,0.262892,0.282954
0.0155732,0.263198,0.281749
0.0155962,0.294577,0.280547
0.0156192,0.282798,0.279347
0.0156423,0.292831,0.27815
0.0156653,0.290238,0.276955
0.0156883,0.274403,0.275762
0.0157113,0.287986,0.274573
0.0157343,0.260753,0.273386
0.0157573,0.274823,0.272202
0.0157803,0.250768,0.271021
0.0158033,0.255258,0.269843
0.0158263,0.256761,0.268667
0.0158493,0.239038,0.267494
0.0158723,0.247442,0.266325
0.0158953,0.243659,0.265158
0.0159183,0.25586,0.263994
0.0159413,0.251005,0.262833
0.0159643,0.252403,0.261675
0.0159873,0.264569,0.260521
0.0160103,0.258771,0.259369
0.0160333,0.259132,0.258221
0.0160563,0.24506,0.257075
0.0160793,0.250715,0.255934
0.0161023,0.24755,0.254795
0.0161253,0.246555,0.253659
0.0161483,0.242249,0.252527
0.0161713,0.217547,0.251398
0.0161943,0.224106,0.250273
0.0162173,0.235394,0.24915
0.0162403,0.22575,0.248031
0.0162633,0.213077,0.246915
0.0162863,0.221695,0.245802
0.0163093,0.241053,0.244693
0.0163324,0.240578,0.243587
0.0163554,0.242419,0.242485
0.0163784,0.21476,0.241387
0.0164014,0.222619,0.240292
0.0164244,0.210061,0.2392
0.0164474,0.248639,0.238113
0.0164704,0.250578,0.23703
0.0164934,0.240844,0.235951
0.0165164,0.229321,0.234876
0.0165394,0.223327,0.233805
0.0165624,0.209057,0.232739
0.0165854,0.220037,0.231676
0.0166084,0.219743,0.230619
0.0166314,0.232987,0.229565
0.0166544,0.226045,0.228517
0.0166774,0.242315,0.227473
0.0167004,0.249367,0.226433
0.0167234,0.25478,0.225399
0.0167464,0.237001,0.22437
0.0167694,0.227605,0.223345
0.0167924,0.239714,0.222325
0.0168154,0.242071,0.22131
0.0168384,0.219518,0.2203
0.0168614,0.251224,0.219294
0.0168844,0.244104,0.218294
0.0169074,0.249955,0.217298
0.0169304,0.266515,0.216307
0.0169534,0.237995,0.21532
0.0169764,0.223148,0.214338
0.0169994,0.197031,0.213361
0.0170225,0.216182,0.212388
0.0170455,0.194514,0.211419
0.0170685,0.200796,0.210455
0.0170915,0.190674,0.209496
0.0171145,0.196627,0.208541
0.0171375,0.185246,0.20759
0.0171605,0.197325,0.206643
0.0171835,0.198583,0.2057
0.0172065,0.188382,0.204762
0.0172295,0.194848,0.203828
0.0172525,0.210584,0.202898
0.0172755,0.210701,0.201972
0.0172985,0.18837,0.20105
0.0173215,0.172579,0.200131
0.0173445,0.182972,0.199216
0.0173675,0.181315,0.198305
0.0173905,0.171786,0.197397
0.0174135,0.191967,0.196493
0.0174365,0.179102,0.195592
0.0174595,0.179637,0.194694
0.0174825,0.190174,0.193799
0.0175055,0.173922,0.192907
0.0175285,0.163397,0.192019
0.0175515,0.16162,0.191133
0.0175745,0.163297,0.190251
0.0175975,0.161237,0.18937
0.0176205,0.175961,0.188493
0.0176435,0.164931,0.187618
0.0176665,0.149958,0.186746
0.0176895,0.150032,0.185877
0.0177126,0.167991,0.18501
0.0177356,0.164412,0.184145
0.0177586,0.139393,0.183282
0.0177816,0.169568,0.182422
0.0178046,0.165861,0.181565
0.0178276,0.171828,0.180709
0.0178506,0.175319,0.179856
0.0178736,0.154495,0.179004
0.0178966,0.181223,0.178156
0.0179196,0.183604,0.17731
0.0179426,0.181925,0.176466
0.0179656,0.185354,0.175624
0.0179886,0.173389,0.174785
0.0180116,0.17126,0.173948
0.0180346,0.152993,0.173114
0.0180576,0.144586,0.172283
0.0180806,0.130082,0.171453
0.0181036,0.153129,0.170627
0.0181266,0.186034,0.169802
0.0181496,0.190784,0.168981
0.0181726,0.159458,0.168162
0.0181956,0.159878,0.167345
0.0182186,0.136808,0.16653
0.0182416,0.136741,0.165717
0.0182646,0.175032,0.164908
0.0182876,0.160431,0.164101
0.0183106,0.185588,0.163295
0.0183336,0.183278,0.162492
0.0183566,0.174984,0.161691
0.0183796,0.173515,0.160892
0.0184026,0.170692,0.160096
0.0184257,0.167076,0.159301
0.0184487,0.154759,0.158509
0.0184717,0.150314,0.157718
0.0184947,0.138048,0.156929
0.0185177,0.143439,0.156143
0.0185407,0.158077,0.155358
0.0185637,0.154355,0.154575
0.0185867,0.141666,0.153794
0.0186097,0.152095,0.153014
0.0186327,0.145849,0.152237
0.0186557,0.128452,0.151462
0.0186787,0.147803,0.150689
0.0187017,0.167003,0.149917
0.0187247,0.159426,0.149148
0.0187477,0.151749,0.14838
0.0187707,0.140863,0.147616
0.0187937,0.134344,0.146853
0.0188167,0.145097,0.146091
0.0188397,0.141798,0.145333
0.0188627,0.158807,0.144577
0.0188857,0.168415,0.143823
0.0189087,0.142826,0.143072
0.0189317,0.145265,0.142324
0.0189547,0.156175,0.141578
0.0189777,0.149235,0.140835
0.0190007,0.160081,0.140094
0.0190237,0.18591,0.139358
0.0190467,0.161326,0.138624
0.0190697,0.152203,0.137892
0.0190927,0.134318,0.137165
0.0191158,0.0951691,0.136441
0.0191388,0.107096,0.13572
0.0191618,0.124541,0.135002
0.0191848,0.131831,0.134289
0.0192078,0.172637,0.133579
0.0192308,0.165489,0.132873
0.0192538,0.154942,0.132171
0.0192768,0.125361,0.131473
0.0192998,0.128285,0.130779
0.0193228,0.13581,0.13009
0.0193458,0.120192,0.129405
0.0193688,0.155904,0.128724
0.0193918,0.1574,0.128048
0.0194148,0.124745,0.127377
0.0194378,0.120923,0.12671
0.0194608,0.12732,0.126048
0.0194838,0.13842,0.12539
0.0195068,0.136814,0.124737
0.0195298,0.118622,0.124088
0.0195528,0.119954,0.123444
0.0195758,0.126066,0.122805
0.0195988,0.117584,0.12217
0.0196218,0.110304,0.121539
0.0196448,0.11092,0.120912
0.0196678,0.128363,0.12029
0.0196908,0.14627,0.119671
0.0197138,0.126852,0.119057
0.0197368,0.12451,0.118446
0.0197598,0.124103,0.117839
0.0197828,0.0963804,0.117236
0.0198059,0.100488,0.116636
0.0198289,0.099729,0.11604
0.0198519,0.0897993,0.115447
0.0198749,0.0978474,0.114858
0.0198979,0.0985902,0.114271
0.0199209,0.105752,0.113687
0.0199439,0.126617,0.113106
0.0199669,0.122133,0.112528
0.0199899,0.131035,0.111953
0.0200129,0.122988,0.111381
0.0200359,0.120511,0.110811
0.0200589,0.0906967,0.110244
0.0200819,0.0951341,0.109679
0.0201049,0.112003,0.109117
0.0201279,0.117523,0.108557
0.0201509,0.102145,0.107999
0.0201739,0.107375,0.107444
0.0201969,0.0888925,0.106891
0.0202199,0.0995131,0.10634
0.0202429,0.0906473,0.105792
0.0202659,0.0912248,0.105246
0.0202889,0.103204,0.104702
0.0203119,0.0777531,0.104161
0.0203349,0.0810553,0.103622
0.0203579,0.0589707,0.103084
0.0203809,0.0687734,0.102549
0.0204039,0.0697724,0.102017
0.0204269,0.071617,0.101485
0.0204499,0.0854347,0.100956
0.0204729,0.113342,0.10043
0.020496,0.102435,0.0999061
0.020519,0.12058,0.0993842
0.020542,0.0966419,0.0988642
0.020565,0.0948856,0.0983464
0.020588,0.0987125,0.097831
0.020611,0.0843896,0.0973177
0.020634,0.0833475,0.096807
0.020657,0.107718,0.0962981
0.02068,0.0888802,0.0957918
0.020703,0.0656302,0.0952875
0.020726,0.0667246,0.0947857
0.020749,0.0923568,0.0942864
0.020772,0.0882211,0.093789
0.020795,0.092708,0.0932948
0.020818,0.109335,0.0928025
0.020841,0.0789023,0.0923126
0.020864,0.10944,0.0918255
0.020887,0.0924308,0.0913406
0.02091,0.0707933,0.0908582
0.020933,0.0903428,0.0903782
0.020956,0.0975924,0.0899007
0.020979,0.0773166,0.0894258
0.021002,0.10058,0.088953
0.021025,0.0705896,0.0884827
0.021048,0.0825096,0.0880146
0.021071,0.0844827,0.0875491
0.021094,0.0798211,0.0870857
0.021117,0.0767047,0.0866247
0.02114,0.0633541,0.0861662
0.021163,0.0424758,0.0857097
0.0211861,0.0627731,0.0852557
0.0212091,0.0467448,0.0848045
0.0212321,0.0549643,0.0843552
0.0212551,0.0619596,0.0839086
0.0212781,0.0752855,0.083464
0.0213011,0.0817484,0.0830218
0.0213241,0.0771282,0.0825822
0.0213471,0.0582303,0.082145
0.0213701,0.0752024,0.0817105
0.0213931,0.066034,0.0812782
0.0214161,0.0636412,0.0808485
0.0214391,0.0424867,0.0804216
0.0214621,0.050369,0.0799968
0.0214851,0.059136,0.0795749
0.0215081,0.0678135,0.0791552
0.0215311,0.0864718,0.0787384
0.0215541,0.078434,0.0783241
0.0215771,0.0836717,0.0779124
0.0216001,0.0591827,0.0775036
0.0216231,0.0844612,0.0770972
0.0216461,0.0713056,0.0766939
0.0216691,0.0526175,0.0762933
0.0216921,0.049771,0.0758956
0.0217151,0.0743507,0.0755006
0.0217381,0.0917674,0.0751087
0.0217611,0.076379,0.0747194
0.0217841,0.0629204,0.0743333
0.0218071,0.064122,0.07395
0.0218301,0.0758229,0.0735698
0.0218531,0.0778185,0.0731924
0.0218762,0.0750943,0.0728181
0.0218992,0.0764882,0.0724466
0.0219222,0.0713518,0.0720781
0.0219452,0.0645257,0.0717128
0.0219682,0.0666091,0.0713502
0.0219912,0.060365,0.0709905
0.0220142,0.0714539,0.0706337
0.0220372,0.0540635,0.07028
0.0220602,0.0702967,0.0699287
0.0220832,0.0846736,0.0695804
0.0221062,0.0856518,0.0692348
0.0221292,0.0991975,0.068892
0.0221522,0.111521,0.068552
0.0221752,0.0812461,0.0682145
0.0221982,0.0757059,0.0678797
0.0222212,0.0969642,0.0675475
0.0222442,0.0652314,0.0672179
0.0222672,0.0531103,0.066891
0.0222902,0.0634616,0.0665665
0.0223132,0.0769729,0.0662444
0.0223362,0.0722719,0.0659248
0.0223592,0.0776823,0.0656072
0.0223822,0.0849949,0.0652918
0.0224052,0.0899684,0.0649785
0.0224282,0.0686006,0.0646675
0.0224512,0.0567178,0.0643582
0.0224742,0.0631101,0.0640507
0.0224972,0.0486053,0.0637451
0.0225202,0.0527035,0.0634414
0.0225432,0.0637898,0.0631394
0.0225662,0.0452166,0.0628391
0.0225893,0.0565046,0.0625405
0.0226123,0.0395395,0.0622436
0.0226353,0.0564198,0.0619485
0.0226583,0.0644439,0.0616549
0.0226813,0.0804385,0.0613629
0.0227043,0.0592198,0.0610724
0.0227273,0.0481622,0.0607835
0.0227503,0.0576971,0.0604964
0.0227733,0.085262,0.0602106
0.0227963,0.0725377,0.0599265
0.0228193,0.0722495,0.059644
0.0228423,0.067853,0.0593628
0.0228653,0.0901265,0.0590834
0.0228883,0.0758558,0.0588055
0.0229113,0.0635854,0.058529
0.0229343,0.0790161,0.0582541
0.0229573,0.0904627,0.0579806
0.0229803,0.070398,0.0577087
0.0230033,0.0465948,0.0574381
0.0230263,0.0443508,0.0571688
0.0230493,0.0563177,0.0569005
0.0230723,0.0587227,0.0566334
0.0230953,0.0627487,0.0563676
0.0231183,0.0618167,0.0561027
0.0231413,0.0644973,0.0558388
0.0231643,0.0516099,0.0555755
0.0231873,0.0576301,0.0553132
0.0232103,0.0728902,0.0550515
0.0232333,0.0558146,0.0547909
0.0232563,0.0507499,0.0545308
0.0232794,0.063033,0.0542712
0.0233024,0.0578066,0.0540123
0.0233254,0.0567272,0.0537539
0.0233484,0.0419119,0.0534962
0.0233714,0.0216121,0.0532389
0.0233944,0.0490805,0.052982
0.0234174,0.0477078,0.0527254
0.0234404,0.0560261,0.0524691
0.0234634,0.075269,0.0522133
0.0234864,0.0664829,0.0519577
0.0235094,0.0572106,0.0517022
0.0235324,0.0463984,0.0514469
0.0235554,0.025108,0.0511916
0.0235784,0.0391253,0.0509363
0.0236014,0.0229643,0.0506807
0.0236244,0.00896108,0.050425
0.0236474,0.0541989,0.0501691
0.0236704,0.0398448,0.0499126
0.0236934,0.0747177,0.0496555
0.0237164,0.0593894,0.0493983
0.0237394,0.0362615,0.0491405
0.0237624,0.0387244,0.0488819
0.0237854,0.0618533,0.0486229
0.0238084,0.0433642,0.0483632
0.0238314,0.0512717,0.0481031
0.0238544,0.0379579,0.0478418
0.0238774,0.0437476,0.0475802
0.0239004,0.0552304,0.0473178
0.0239234,0.0213136,0.0470546
0.0239464,0.0130458,0.0467906
0.0239695,0.0389831,0.0465258
0.0239925,0.0429788,0.0462603
0.0240155,0.0406741,0.0459938
0.0240385,0.060945,0.0457268
0.0240615,0.0482467,0.045459
0.0240845,0.0414711,0.0451904
0.0241075,0.0427889,0.0449213
0.0241305,0.0160108,0.0446514
0.0241535,0.0298278,0.044381
0.0241765,0.039089,0.0441101
0.0241995,0.0453531,0.0438388
0.0242225,0.0474022,0.0435672
0.0242455,0.0331095,0.0432951
0.0242685,0.0400161,0.0430227
0.0242915,0.0406849,0.0427504
0.0243145,0.028934,0.0424779
0.0243375,0.0592719,0.0422054
0.0243605,0.0724681,0.041933
0.0243835,0.0481755,0.041661
0.0244065,0.0441296,0.041389
0.0244295,0.0379039,0.0411175
0.0244525,0.0265033,0.0408466
0.0244755,0.0354764,0.040576
0.0244985,0.0376569,0.0403062
0.0245215,0.0211992,0.0400369
0.0245445,0.0346848,0.0397683
0.0245675,0.0334264,0.0395008
0.0245905,0.0359203,0.0392341
0.0246135,0.0313677,0.0389682
0.0246365,0.0350343,0.0387034
0.0246596,0.0311775,0.0384396
0.0246826,0.0462096,0.038177
0.0247056,0.047816,0.0379153
0.0247286,0.0309211,0.0376549
0.0247516,0.0243856,0.0373955
0.0247746,0.0401023,0.0371373
0.0247976,0.0426359,0.0368805
0.0248206,0.0420583,0.0366249
0.0248436,0.0371619,0.0363707
0.0248666,0.0423987,0.0361176
0.0248896,0.0308097,0.0358659
0.0249126,0.0343483,0.0356157
0.0249356,0.035987,0.0353672
0.0249586,0.0316896,0.0351197
0.0249816,0.0302372,0.0348739
0.0250046,0.0266965,0.0346296
0.0250276,0.0386385,0.0343869
0.0250506,0.0308223,0.0341457
0.0250736,0.0301,0.0339059
0.0250966,0.0402775,0.0336678
0.0251196,0.0351284,0.0334313
0.0251426,0.0215463,0.0331962
0.0251656,0.0271451,0.0329628
0.0251886,0.0415206,0.0327311
0.0252116,0.0250269,0.0325007
0.0252346,0.0343369,0.032272
0.0252576,0.0257801,0.0320448
0.0252806,0.00996107,0.0318193
0.0253036,0.0310473,0.0315951
0.0253266,0.0271789,0.0313725
0.0253497,0.01899,0.0311517
0.0253727,0.0182364,0.0309324
0.0253957,0.0213031,0.0307149
0.0254187,0.0261985,0.0304991
0.0254417,0.0219732,0.030285
0.0254647,0.0297994,0.0300727
0.0254877,0.0257239,0.029862
0.0255107,0.0293959,0.0296534
0.0255337,0.034859,0.0294466
0.0255567,0.0411404,0.0292415
0.0255797,0.0767895,0.0290384
0.0256027,0.0516441,0.0288373
0.0256257,0.0445033,0.0286383
0.0256487,0.0282686,0.0284411
0.0256717,0.015319,0.0282462
0.0256947,0.0211344,0.028053
0.0257177,0.0291355,0.0278619
0.0257407,0.0387471,0.0276728
0.0257637,0.0384113,0.0274855
0.0257867,0.0439607,0.0273002
0.0258097,0.0441657,0.0271166
0.0258327,0.0482694,0.0269349
0.0258557,0.0494464,0.0267547
0.0258787,0.0349054,0.026576
0.0259017,0.0424881,0.026399
0.0259247,0.00913695,0.0262233
0.0259477,0.00650154,0.026049
0.0259707,0.0156015,0.0258761
0.0259937,0.025823,0.0257044
0.0260167,0.0271156,0.025534
0.0260397,0.0192754,0.0253649
0.0260628,0.00422539,0.0251969
0.0260858,0.0130269,0.0250302
0.0261088,0.0188886,0.0248646
0.0261318,0.0273934,0.0247003
0.0261548,0.0170902,0.0245372
0.0261778,0.0232872,0.0243753
0.0262008,0.0401716,0.0242144
0.0262238,0.0261131,0.0240546
0.0262468,0.0266943,0.0238961
0.0262698,0.0250242,0.0237385
0.0262928,0.00635377,0.023582
0.0263158,0.015352,0.0234265
0.0263388,0.022444,0.0232718
0.0263618,0.0179486,0.0231183
0.0263848,0.0285,0.0229658
0.0264078,0.0133468,0.0228142
0.0264308,0.0021486,0.0226635
0.0264538,0.00936502,0.0225139
0.0264768,0.0140119,0.0223654
0.0264998,0.016292,0.0222179
0.0265228,0.0215568,0.0220714
0.0265458,0.0172085,0.0219259
0.0265688,0.0074425,0.0217814
0.0265918,0.0133517,0.0216383
0.0266148,0.0186353,0.0214962
0.0266378,0.0117272,0.0213553
0.0266608,0.0232752,0.0212157
0.0266838,0.0128322,0.0210775
0.0267068,0.0168487,0.0209406
0.0267298,0.021296,0.0208053
0.0267529,0.0259736,0.0206715
0.0267759,0.0165738,0.0205392
0.0267989,0.0136248,0.0204086
0.0268219,0.0290355,0.0202793
0.0268449,0.0233269,0.0201516
0.0268679,0.0256381,0.0200256
0.0268909,0.0118064,0.0199013
0.0269139,0.0193659,0.0197783
0.0269369,0.0114876,0.019657
0.0269599,0.0247428,0.0195374
0.0269829,0.0139406,0.0194194
0.0270059,0.0126635,0.0193031
0.0270289,0.019207,0.0191884
0.0270519,0.0298726,0.0190755
0.0270749,0.0282648,0.0189644
0.0270979,0.0104734,0.0188551
0.0271209,0.0115838,0.0187474
0.0271439,0.0129033,0.0186417
0.0271669,0.00426894,0.0185378
0.0271899,0.0152979,0.0184356
0.0272129,0.011034,0.0183352
0.0272359,0.005125,0.0182366
0.0272589,0.023801,0.0181399
0.0272819,0.000498497,0.018045
0.0273049,0.013098,0.0179517
0.0273279,0.0148766,0.0178605
0.0273509,0.0189643,0.0177707
0.0273739,0.0264478,0.0176829
0.0273969,0.0325792,0.0175967
0.0274199,0.0282567,0.0175122
0.027443,0.0312818,0.0174294
0.027466,0.0222968,0.0173483
0.027489,-0.00105107,0.0172688
0.027512,0.010675,0.0171909
0.027535,0.0135981,0.0171146
0.027558,0.00828,0.0170399
0.027581,0.00576872,0.0169667
0.027604,0.0215567,0.016895
0.027627,0.0161995,0.0168248
0.02765,0.00487183,0.0167561
0.027673,0.00349196,0.0166889
0.027696,0.0108528,0.0166231
0.027719,-0.000823641,0.0165588
0.027742,-0.0158916,0.0164958
0.027765,0.00613673,0.0164343
0.027788,0.025427,0.016374
0.027811,0.0068415,0.0163151
0.027834,0.0146714,0.0162575
0.027857,0.0193025,0.0162013
0.02788,0.0189087,0.0161462
0.027903,0.0228203,0.0160923
0.027926,0.0253742,0.0160396
0.027949,0.0123212,0.015988
0.027972,0.0153974,0.0159374
0.027995,-0.000738033,0.0158879
0.028018,0.00427348,0.0158393
0.028041,0.0118879,0.0157917
0.028064,0.0268929,0.015745
0.028087,0.0204897,0.0156993
0.02811,-0.00215907,0.0156544
0.0281331,0.00283755,0.0156103
0.0281561,0.0191497,0.0155671
0.0281791,0.0160213,0.0155247
0.0282021,0.00718392,0.0154831
0.0282251,0.0165002,0.0154422
0.0282481,0.0354118,0.0154022
0.0282711,0.0228221,0.015363
0.0282941,-0.00286674,0.0153246
0.0283171,0.0171447,0.0152869
0.0283401,0.0260818,0.0152501
0.0283631,0.024589,0.0152141
0.0283861,0.0305155,0.0151789
0.0284091,0.0174637,0.0151444
0.0284321,-0.00562189,0.0151106
0.0284551,0.000352619,0.0150775
0.0284781,0.0215262,0.0150451
0.0285011,0.031129,0.0150132
0.0285241,0.0130727,0.0149819
0.0285471,-0.0028712,0.0149511
0.0285701,0.0143587,0.0149206
0.0285931,0.0229129,0.0148905
0.0286161,0.0247264,0.0148607
0.0286391,0.0129521,0.0148311
0.0286621,-0.00395427,0.0148015
0.0286851,0.00285951,0.014772
0.0287081,0.00551725,0.0147424
0.0287311,0.0188081,0.0147128
0.0287541,-0.00687677,0.0146829
0.0287771,-0.000296843,0.0146528
0.0288001,-0.00522603,0.0146224
0.0288232,0.00362506,0.0145917
0.0288462,0.00801881,0.0145606
0.0288692,0.0115536,0.014529
0.0288922,0.000243005,0.0144969
0.0289152,-0.00805411,0.0144643
0.0289382,0.0223252,0.014431
0.0289612,0.0167146,0.0143972
0.0289842,0.0195756,0.0143627
0.0290072,0.0302572,0.0143276
0.0290302,0.0363154,0.0142918
0.0290532,0.0325788,0.0142554
0.0290762,0.0377042,0.0142183
0.0290992,0.0347732,0.0141807
0.0291222,0.0197138,0.0141424
0.0291452,0.00757815,0.0141035
0.0291682,0.00347847,0.014064
0.0291912,0.0058499,0.0140239
0.0292142,0.000189413,0.0139832
0.0292372,-0.00301104,0.0139418
0.0292602,-0.00110529,0.0138999
0.0292832,-0.000391032,0.0138573
0.0293062,0.0198602,0.0138142
0.0293292,0.0203014,0.0137704
0.0293522,0.0107974,0.013726
0.0293752,0.0251983,0.0136811
0.0293982,0.00257889,0.0136357
0.0294212,0.01273,0.0135898
0.0294442,0.0382669,0.0135434
0.0294672,0.031221,0.0134966
0.0294902,0.00401169,0.0134494
0.0295132,0.0197711,0.0134019
0.0295363,0.0199691,0.0133542
0.0295593,0.0113147,0.0133062
0.0295823,0.015887,0.013258
0.0296053,0.02814,0.0132096
0.0296283,0.0319954,0.0131611
0.0296513,0.0444782,0.0131125
0.0296743,0.0321711,0.0130639
0.0296973,0.0369959,0.0130153
0.0297203,0.0357378,0.0129667
0.0297433,0.0268812,0.0129182
0.0297663,0.0161964,0.0128698
0.0297893,0.00467909,0.0128214
0.0298123,-0.000886692,0.0127732
0.0298353,0.00597229,0.0127251
0.0298583,-0.000806933,0.0126771
0.0298813,0.00857128,0.0126291
0.0299043,0.0193272,0.0125813
0.0299273,0.0132357,0.0125337
0.0299503,0.0147698,0.0124861
0.0299733,0.0249297,0.0124387
0.0299963,0.0304242,0.0123914
0.0300193,0.00522966,0.0123442
0.0300423,0.0226118,0.0122973
0.0300653,0.0149517,0.0122505
0.0300883,0.0360148,0.0122039
0.0301113,0.0350454,0.0121574
0.0301343,0.0219641,0.0121113
0.0301573,0.0141814,0.0120652
0.0301803,0.013944,0.0120195
0.0302033,0.00391039,0.0119739
0.0302264,0.0219582,0.0119286
0.0302494,0.0153808,0.0118835
0.0302724,0.0140029,0.0118385
0.0302954,-0.00513055,0.0117938
0.0303184,0.0130116,0.0117492
0.0303414,0.00767528,0.0117046
0.0303644,0.0252057,0.0116601
0.0303874,0.0190509,0.0116155
0.0304104,0.0252444,0.0115709
0.0304334,0.0113997,0.0115262
0.0304564,0.0151602,0.0114812
0.0304794,0.018226,0.011436
0.0305024,0.0207302,0.0113904
0.0305254,-0.00642721,0.0113445
0.0305484,-0.00572541,0.0112981
0.0305714,0.00979075,0.0112511
0.0305944,0.00955129,0.0112036
0.0306174,0.0258973,0.0111556
0.0306404,0.00821856,0.0111071
0.0306634,0.00171287,0.0110581
0.0306864,0.0298545,0.0110086
0.0307094,0.0135751,0.0109584
0.0307324,0.00546649,0.0109078
0.0307554,0.00767152,0.0108567
0.0307784,0.00902983,0.0108051
0.0308014,0.0107606,0.0107529
0.0308244,0.0188026,0.0107004
0.0308474,0.0147504,0.0106473
0.0308704,0.0151631,0.0105937
0.0308934,0.00840752,0.0105397
0.0309165,-0.00373027,0.0104852
0.0309395,-0.013383,0.0104302
0.0309625,-0.00447093,0.0103747
0.0309855,-0.0149265,0.0103187
0.0310085,7.62184e-05,0.0102623
0.0310315,0.0191947,0.0102054
0.0310545,0.0108546,0.0101481
0.0310775,0.0124808,0.0100904
0.0311005,0.0149336,0.0100325
0.0311235,0.0127481,0.00997432
0.0311465,-0.00103295,0.0099159
0.0311695,-0.00260533,0.00985724
0.0311925,-0.000363076,0.00979839
0.0312155,0.00554165,0.00973937
0.0312385,0.0367578,0.00968014
0.0312615,0.0419763,0.00962069
0.0312845,0.0318889,0.00956093
0.0313075,0.0115702,0.00950108
0.0313305,-0.00488569,0.0094408
0.0313535,0.0124136,0.00938029
0.0313765,0.00124622,0.00931945
0.0313995,0.0173288,0.00925825
0.0314225,-0.0038244,0.00919665
0.0314455,-0.0221385,0.00913472
0.0314685,-0.0116936,0.00907236
0.0314915,0.0137674,0.00900959
0.0315145,-0.000639305,0.00894645
0.0315375,0.00579417,0.0088828
0.0315605,0.0104698,0.00881876
0.0315835,-0.00295605,0.00875437
0.0316066,0.000574267,0.00868957
0.0316296,0.00142215,0.00862437
0.0316526,0.00157609,0.00855889
0.0316756,0.00461076,0.00849306
0.0316986,0.00239998,0.00842687
0.0317216,0.00663515,0.0083604
0.0317446,0.00288866,0.0082938
0.0317676,0.0126191,0.00822692
0.0317906,-0.00123232,0.00815998
0.0318136,0.00191237,0.00809301
0.0318366,-0.000520794,0.00802611
0.0318596,-0.0027419,0.00795919
0.0318826,0.00333346,0.00789249
0.0319056,-0.00332259,0.0078259
0.0319286,-0.00703023,0.00775942
0.0319516,0.00498173,0.00769325
0.0319746,0.00508216,0.00762742
0.0319976,0.00796886,0.0075619
0.0320206,0.012066,0.00749671
0.0320436,0.00332568,0.00743191
0.0320666,0.00451777,0.00736758
0.0320896,0.00612862,0.00730371
0.0321126,0.00760887,0.00724039
0.0321356,-0.00126869,0.00717757
0.0321586,0.0037148,0.00711531
0.0321816,0.00354784,0.00705364
0.0322046,0.0063369,0.00699259
0.0322276,0.00360438,0.00693229
0.0322506,0.010464,0.00687269
0.0322736,0.00618822,0.00681395
0.0322967,0.00484246,0.00675602
0.0323197,-0.0057752,0.00669913
0.0323427,0.00282824,0.00664322
0.0323657,0.00977231,0.00658843
0.0323887,0.00565514,0.00653474
0.0324117,-0.00878452,0.0064822
0.0324347,0.0145545,0.0064309
0.0324577,0.0191524,0.00638083
0.0324807,0.0207073,0.00633191
0.0325037,0.0255256,0.0062842
0.0325267,0.00301485,0.00623767
0.0325497,0.0203761,0.0061923
0.0325727,0.0081569,0.00614805
0.0325957,-0.00828918,0.00610492
0.0326187,-0.000830111,0.0060628
0.0326417,0.00339285,0.00602167
0.0326647,0.0274457,0.00598145
0.0326877,0.0299103,0.00594211
0.0327107,0.0219107,0.00590365
0.0327337,0.0185129,0.00586589
0.0327567,0.0211139,0.00582888
0.0327797,0.00665652,0.00579254
0.0328027,0.00187809,0.00575682
0.0328257,0.00368128,0.0057217
0.0328487,-0.00348275,0.00568713
0.0328717,-0.00170334,0.00565307
0.0328947,0.00649491,0.00561955
0.0329177,0.00549636,0.00558655
0.0329407,0.0104282,0.00555409
0.0329637,0.00789681,0.00552214
0.0329867,0.00127737,0.00549065
0.0330098,0.0208936,0.00545968
0.0330328,0.0240995,0.00542912
0.0330558,0.0182225,0.00539901
0.0330788,0.014625,0.00536929
0.0331018,0.000135351,0.00534001
0.0331248,0.00137269,0.00531109
0.0331478,0.0198869,0.00528252
0.0331708,0.0196617,0.00525429
0.0331938,0.0202348,0.00522646
0.0332168,0.0110389,0.00519891
0.0332398,-0.00871861,0.0051717
0.0332628,-0.00107204,0.00514483
0.0332858,0.00146469,0.00511831
0.0333088,-0.0019632,0.00509212
0.0333318,-0.00690761,0.00506631
0.0333548,-0.0242816,0.00504085
0.0333778,-0.0214599,0.00501575
0.0334008,-0.0148806,0.0049911
0.0334238,0.00443946,0.00496687
0.0334468,0.0032976,0.00494308
0.0334698,-0.00532614,0.00491969
0.0334928,-0.0102451,0.00489678
0.0335158,-0.0122135,0.00487432
0.0335388,-0.00995369,0.00485223
0.0335618,-0.00426123,0.00483059
0.0335848,0.0177595,0.00480933
0.0336078,0.00610041,0.0047884
0.0336308,0.0111846,0.00476783
0.0336538,0.0119169,0.00474752
0.0336768,0.0321742,0.0047275
0.0336999,0.0122059,0.00470767
0.0337229,0.00223441,0.00468808
0.0337459,-0.0025154,0.00466864
0.0337689,0.00664711,0.00464936
0.0337919,0.0283636,0.00463018
0.0338149,0.0216921,0.00461109
0.0338379,0.00906774,0.00459206
0.0338609,0.00336661,0.00457309
0.0338839,-0.0152811,0.00455408
0.0339069,0.0029825,0.00453509
0.0339299,0.00193903,0.004516
0.0339529,0.00400351,0.00449679
0.0339759,0.0140537,0.00447755
0.0339989,0.0121277,0.00445816
0.0340219,0.0232049,0.00443868
0.0340449,0.0271018,0.00441914
0.0340679,0.0193631,0.00439947
0.0340909,0.0366653,0.00437973
0.0341139,0.0360465,0.00435992
0.0341369,0.00615808,0.00433998
0.0341599,-0.00333068,0.00431991
0.0341829,-0.00690072,0.00429957
0.0342059,-0.00255484,0.0042791
0.0342289,-0.00799597,0.00425836
0.0342519,0.00333249,0.00423738
0.0342749,0.000743244,0.00421618
0.0342979,-0.0187281,0.00419472
0.0343209,-0.0100325,0.00417294
0.0343439,-0.0255403,0.00415084
0.034367,-0.018466,0.00412844
0.03439,-0.000461977,0.00410566
0.034413,0.00791299,0.00408258
0.034436,0.0135596,0.00405924
0.034459,-0.00169734,0.00403565
0.034482,-0.00471868,0.00401186
0.034505,0.00532567,0.00398787
0.034528,-0.0121815,0.00396379
0.034551,-0.000443833,0.00393957
0.034574,0.00398645,0.00391527
0.034597,-0.00635037,0.00389096
0.03462,-0.00118029,0.00386663
0.034643,-0.00029108,0.0038423
0.034666,-0.00144193,0.003818
0.034689,0.000999391,0.00379375
0.034712,0.00218803,0.00376958
0.034735,-0.00498963,0.00374551
0.034758,0.0106628,0.00372157
0.034781,0.0245659,0.00369778
0.034804,0.0152689,0.00367412
0.034827,0.0179638,0.00365068
0.03485,0.00273001,0.00362746
0.034873,-8.39715e-05,0.00360449
0.034896,-0.0208752,0.00358184
0.034919,-0.0153693,0.00355951
0.034942,0.0100522,0.00353758
0.034965,0.00711817,0.00351609
0.034988,0.00694757,0.00349502
0.035011,0.00385613,0.0034745
0.035034,0.0166086,0.00345451
0.035057,0.0240513,0.00343506
0.0350801,0.000823547,0.00341624
0.0351031,-0.00165604,0.00339806
0.0351261,0.00568266,0.00338054
0.0351491,0.0210188,0.00336374
0.0351721,0.00168464,0.00334769
0.0351951,0.00092805,0.00333243
0.0352181,-0.00383463,0.00331802
0.0352411,0.0196422,0.00330449
0.0352641,-0.00177849,0.00329189
0.0352871,-0.00143345,0.00328024
0.0353101,0.00131982,0.00326957
0.0353331,0.0109814,0.00325988
0.0353561,0.0222923,0.00325116
0.0353791,0.0157225,0.00324344
0.0354021,0.0123612,0.0032367
0.0354251,0.00436227,0.00323091
0.0354481,0.0187497,0.00322607
0.0354711,-0.00535991,0.00322212
0.0354941,-0.011359,0.00321902
0.0355171,-0.0182677,0.00321672
0.0355401,-0.0235121,0.00321516
0.0355631,-0.00934612,0.00321429
0.0355861,0.00149897,0.00321407
0.0356091,-0.00551709,0.00321443
0.0356321,-0.0192059,0.00321534
0.0356551,-0.0143569,0.00321676
0.0356781,-0.0241248,0.00321862
0.0357011,-0.0121528,0.00322091
0.0357241,0.00663168,0.00322359
0.0357471,0.00518143,0.00322662
0.0357702,0.004005,0.00322997
0.0357932,0.0060605,0.0032336
0.0358162,0.00134001,0.0032375
0.0358392,-0.00684034,0.00324166
0.0358622,-0.00500524,0.00324609
0.0358852,0.00621407,0.00325079
0.0359082,0.00587134,0.00325581
0.0359312,-0.0101897,0.00326115
0.0359542,0.0240679,0.00326687
0.0359772,-0.000360817,0.00327297
0.0360002,0.0124412,0.00327949
0.0360232,0.00156798,0.00328639
0.0360462,-0.00100113,0.00329372
0.0360692,0.00993504,0.00330146
0.0360922,0.0055545,0.0033096
0.0361152,0.0175281,0.00331817
0.0361382,0.0194489,0.00332716
0.0361612,0.00540109,0.0033366
0.0361842,0.00584642,0.00334645
0.0362072,0.00542363,0.00335678
0.0362302,0.0247393,0.00336761
0.0362532,0.0134747,0.00337896
0.0362762,0.00925623,0.00339084
0.0362992,0.0126984,0.00340334
0.0363222,0.00464548,0.00341645
0.0363452,0.00104319,0.00343028
0.0363682,0.0242865,0.00344486
0.0363912,0.00946464,0.00346024
0.0364142,0.011667,0.00347653
0.0364372,0.0101234,0.00349373
0.0364603,0.018751,0.00351191
0.0364833,0.0215931,0.00353113
0.0365063,0.00276978,0.0035514
0.0365293,-0.00588952,0.00357273
0.0365523,-0.0137944,0.0035951
0.0365753,-0.00938074,0.00361852
0.0365983,-0.0188387,0.00364299
0.0366213,-0.0219007,0.00366847
0.0366443,-0.0145044,0.00369494
0.0366673,-0.0135126,0.00372239
0.0366903,-0.00776083,0.00375078
0.0367133,-0.0103444,0.00378004
0.0367363,0.00392069,0.00381017
0.0367593,0.0115883,0.00384103
0.0367823,0.0220706,0.00387263
0.0368053,0.00603829,0.0039048
0.0368283,-0.00689373,0.00393754
0.0368513,0.00240866,0.00397069
0.0368743,-0.00120184,0.00400425
0.0368973,-0.0107758,0.00403815
0.0369203,-0.00818261,0.00407226
0.0369433,-0.00909653,0.00410657
0.0369663,0.0092518,0.00414103
0.0369893,0.00579453,0.00417551
0.0370123,0.00189747,0.00421
0.0370353,0.00466283,0.00424444
0.0370583,0.0112286,0.00427872
0.0370813,0.0147808,0.00431288
0.0371043,0.0215362,0.00434675
0.0371273,0.000759346,0.00438036
0.0371503,0.00591609,0.00441357
0.0371734,-0.00323605,0.00444645
0.0371964,-0.000893075,0.00447886
0.0372194,0.00104263,0.00451083
0.0372424,-0.000982215,0.00454235
0.0372654,0.0229558,0.00457339
0.0372884,0.0175143,0.00460394
0.0373114,-0.00297479,0.00463402
0.0373344,-0.00645363,0.00466364
0.0373574,-0.00540647,0.00469275
0.0373804,0.00277189,0.00472138
0.0374034,0.0054764,0.00474955
0.0374264,0.0173092,0.00477719
0.0374494,0.0244824,0.00480432
0.0374724,0.0151339,0.00483098
0.0374954,0.0149275,0.0048571
0.0375184,-0.00918262,0.00488262
0.0375414,-0.00675554,0.00490754
0.0375644,0.00385659,0.00493175
0.0375874,-0.00481199,0.00495533
0.0376104,-0.00309545,0.00497817
0.0376334,0.000351263,0.00500033
0.0376564,0.00601797,0.00502173
0.0376794,0.0128729,0.00504243
0.0377024,-0.0018725,0.00506241
0.0377254,-0.00668594,0.00508169
0.0377484,-0.00538887,0.00510023
0.0377714,0.00219892,0.00511815
0.0377944,-0.000882716,0.00513548
0.0378174,-0.00894241,0.00515214
0.0378404,0.00491459,0.00516819
0.0378635,0.0202051,0.00518366
0.0378865,0.0207579,0.00519853
0.0379095,0.0135808,0.00521281
0.0379325,0.00491256,0.0052264
0.0379555,0.00439428,0.00523938
0.0379785,0.0171978,0.00525165
0.0380015,0.015087,0.00526332
0.0380245,-0.00333305,0.00527433
0.0380475,-0.00485223,0.00528464
0.0380705,0.0112802,0.00529424
0.0380935,0.0083503,0.00530311
0.0381165,0.0067108,0.00531125
0.0381395,0.0218029,0.00531856
0.0381625,0.0166346,0.00532507
0.0381855,0.0199568,0.00533072
0.0382085,0.0239673,0.00533547
0.0382315,0.0110177,0.00533926
0.0382545,0.01209,0.00534207
0.0382775,0.0180874,0.00534381
0.0383005,0.0155111,0.0053445
0.0383235,0.013762,0.00534409
0.0383465,-0.00799943,0.00534259
0.0383695,-0.0093432,0.00533996
0.0383925,-0.00367007,0.00533621
0.0384155,-0.00908543,0.00533129
0.0384385,-0.00223553,0.00532522
0.0384615,0.00564127,0.00531797
0.0384845,0.0012688,0.00530956
0.0385075,-0.0207103,0.0053
0.0385305,-0.0100802,0.0052893
0.0385536,-0.0117385,0.0052775
0.0385766,-0.00416984,0.00526463
0.0385996,0.0122474,0.00525075
0.0386226,0.00723128,0.0052359
0.0386456,0.00594481,0.00522014
0.0386686,0.00401537,0.00520352
0.0386916,-0.00941633,0.00518605
0.0387146,-0.00977232,0.00516774
0.0387376,0.00816258,0.00514865
0.0387606,0.00296847,0.0051288
0.0387836,0.0111194,0.0051082
0.0388066,0.0115855,0.0050869
0.0388296,0.0147217,0.00506491
0.0388526,0.012464,0.00504227
0.0388756,0.0172533,0.00501894
0.0388986,0.0343504,0.00499504
0.0389216,0.0109266,0.00497051
0.0389446,0.0213064,0.00494549
0.0389676,0.027993,0.00491998
0.0389906,0.0239671,0.00489404
0.0390136,0.016039,0.00486765
0.0390366,-0.0203143,0.00484091
0.0390596,-0.000606984,0.00481378
0.0390826,0.003888,0.00478628
0.0391056,0.0123922,0.00475839
0.0391286,0.011676,0.00473015
0.0391516,-0.000731711,0.00470153
0.0391746,0.0204709,0.00467252
0.0391976,0.0158474,0.0046431
0.0392206,-0.00130208,0.00461318
0.0392436,0.0257749,0.00458287
0.0392667,0.0182939,0.0045521
0.0392897,0.00447628,0.00452083
0.0393127,0.0122172,0.00448908
0.0393357,0.023328,0.00445683
0.0393587,0.0286576,0.00442406
0.0393817,0.0193677,0.00439081
0.0394047,0.0173741,0.00435698
0.0394277,0.0177371,0.00432263
0.0394507,0.0164857,0.00428768
0.0394737,0.0146777,0.0042522
0.0394967,0.00471106,0.00421613
0.0395197,0.00848921,0.00417951
0.0395427,0.00793294,0.00414234
0.0395657,-0.0014964,0.00410455
0.0395887,-0.00734442,0.0040663
0.0396117,0.0060921,0.00402754
0.0396347,0.00684039,0.00398824
0.0396577,-0.00683474,0.0039485
0.0396807,0.0205108,0.00390851
0.0397037,0.00342047,0.00386812
0.0397267,0.0236882,0.00382747
0.0397497,0.00524373,0.00378654
0.0397727,-0.0130809,0.00374544
0.0397957,-0.0151901,0.00370413
0.0398187,-0.0232485,0.0036627
0.0398417,-0.0122157,0.00362103
0.0398647,-0.00793934,0.0035793
0.0398877,-0.00881831,0.00353738
0.0399107,-0.00184199,0.00349538
0.0399338,0.0164705,0.0034532
0.0399568,0.0211601,0.00341108
0.0399798,-0.00542991,0.00336888
0.0400028,-0.0055411,0.00332669
0.0400258,-0.00649223,0.00328449
0.0400488,0.00440539,0.00324231
0.0400718,0.00103273,0.00320021
0.0400948,0.00868007,0.00315814
0.0401178,0.00822678,0.00311623
0.0401408,0.0106411,0.00307442
0.0401638,0.0152891,0.0030327
0.0401868,0.0130434,0.0029911
0.0402098,0.00397585,0.00294958
0.0402328,0.003832,0.0029083
0.0402558,-0.00136407,0.00286715
0.0402788,0.00991497,0.00282615
0.0403018,-0.014699,0.00278535
0.0403248,-0.00384958,0.00274468
0.0403478,-0.00369582,0.0027042
0.0403708,-0.0115613,0.00266393
0.0403938,0.00172409,0.00262383
0.0404168,-0.00849268,0.00258392
0.0404398,-0.000731739,0.00254425
0.0404628,0.00198171,0.00250491
0.0404858,-0.000334687,0.0024659
0.0405088,-0.00627616,0.00242713
0.0405318,-0.0122175,0.00238876
0.0405548,-0.0198521,0.00235081
0.0405778,-0.0121653,0.0023133
0.0406008,-0.00155767,0.00227617
0.0406239,-0.00748842,0.00223953
0.0406469,0.0159937,0.00220342
0.0406699,0.00859958,0.00216772
0.0406929,0.0113911,0.00213258
0.0407159,0.0260002,0.00209803
0.0407389,0.0182581,0.00206404
0.0407619,0.0154732,0.00203062
0.0407849,0.0119624,0.00199789
0.0408079,0.0360032,0.00196574
0.0408309,0.012204,0.00193433
0.0408539,0.0163911,0.00190354
0.0408769,0.0148292,0.00187355
0.0408999,-0.00551365,0.00184423
0.0409229,-0.0225755,0.00181556
0.0409459,-0.0301013,0.00178765
0.0409689,-0.014661,0.00176042
0.0409919,0.0065146,0.0017339
0.0410149,-0.00696895,0.001708
0.0410379,-0.00998933,0.00168279
0.0410609,0.00344405,0.00165819
0.0410839,0.0066375,0.00163422
0.0411069,-0.00505343,0.00161087
0.0411299,-0.00509596,0.00158809
0.0411529,0.00496779,0.0015658
0.0411759,-0.00967117,0.0015441
0.0411989,-0.00774044,0.00152288
0.0412219,-0.0195863,0.00150215
0.0412449,-0.0204506,0.00148183
0.0412679,-0.0305639,0.00146193
0.0412909,-0.0215781,0.00144238
0.0413139,-0.00939725,0.00142316
0.041337,0.0136754,0.00140424
0.04136,0.0190103,0.0013856
0.041383,0.0114977,0.0013672
0.041406,0.00171535,0.001349
0.041429,-0.00185818,0.001331
0.041452,-0.0168898,0.00131318
0.041475,-0.01234,0.00129555
0.041498,0.00239522,0.00127809
0.041521,-0.00207989,0.00126082
0.041544,0.000790869,0.00124373
0.041567,0.00983072,0.00122683
0.04159,-0.00856563,0.00121011
0.041613,-0.00630017,0.00119359
0.041636,-0.00455121,0.00117729
0.041659,0.000341024,0.00116121
0.041682,-0.00203703,0.00114536
0.041705,-0.00456603,0.00112976
0.041728,-0.0119614,0.00111437
0.041751,-0.0269997,0.00109922
0.041774,-0.0221796,0.00108431
0.041797,0.00881671,0.00106965
0.04182,0.0114543,0.00105527
0.041843,0.0021149,0.00104116
0.041866,-0.00157381,0.00102735
0.041889,0.00626753,0.00101384
0.041912,0.0152915,0.00100064
0.041935,0.0128195,0.000987737
0.041958,0.0173757,0.000975134
0.041981,0.0278586,0.000962816
0.042004,0.0293986,0.000950757
0.0420271,0.0115333,0.000938941
0.0420501,0.00546727,0.00092734
0.0420731,0.00528079,0.00091592
0.0420961,-0.0161642,0.000904728
0.0421191,-0.00743835,0.000893688
0.0421421,-0.0100479,0.000882804
0.0421651,-0.00813181,0.000872087
0.0421881,-0.00098458,0.000861492
0.0422111,-0.0119962,0.000850998
0.0422341,-0.0165461,0.000840571
0.0422571,-0.00744988,0.000830172
0.0422801,0.00684901,0.000819767
0.0423031,0.00457965,0.000809295
0.0423261,0.00787653,0.000798719
0.0423491,-0.00274927,0.000788014
0.0423721,0.0143832,0.00077715
0.0423951,0.00661086,0.000766074
0.0424181,-0.0160226,0.000754783
0.0424411,-0.00140486,0.000743255
0.0424641,-0.0150509,0.00073148
0.0424871,-0.00675908,0.000719439
0.0425101,0.00330594,0.00070714
0.0425331,0.0150172,0.000694594
0.0425561,0.00885912,0.000681797
0.0425791,-0.0138241,0.000668752
0.0426021,-0.00215268,0.000655473
0.0426251,-0.00414514,0.000641965
0.0426481,0.00924184,0.000628239
0.0426711,0.0115754,0.000614325
0.0426941,0.0164455,0.000600239
0.0427172,0.000696697,0.000586006
0.0427402,-0.00832927,0.000571651
0.0427632,0.00506943,0.000557206
0.0427862,0.00273004,0.000542697
0.0428092,0.00487804,0.000528155
0.0428322,0.0160207,0.000513609
0.0428552,0.00142114,0.000499077
0.0428782,-0.00434824,0.000484613
0.0429012,0.00331374,0.000470256
0.0429242,-0.00952168,0.00045605
0.0429472,-0.000867952,0.000442028
0.0429702,0.00608327,0.000428203
0.0429932,0.0139221,0.000414576
0.0430162,0.00596459,0.000401182
0.0430392,0.0142809,0.000388013
0.0430622,0.0022282,0.000375064
0.0430852,-0.000919637,0.000362353
0.0431082,0.00195277,0.000349859
0.0431312,0.00358837,0.00033764
0.0431542,0.0126247,0.000325644
0.0431772,0.0167598,0.000313912
0.0432002,0.0149953,0.000302404
0.0432232,0.00562808,0.000291172
0.0432462,-0.000804859,0.000280164
0.0432692,-0.018268,0.000269406
0.0432922,-0.0041964,0.000258908
0.0433152,0.0011393,0.000248697
0.0433382,-0.000887151,0.000238799
0.0433612,-0.00454032,0.000229254
0.0433842,0.0082538,0.00022006
0.0434073,0.0136347,0.000211284
0.0434303,0.00883499,0.000202954
0.0434533,0.00278304,0.000195079
0.0434763,0.0157976,0.000187721
0.0434993,0.0237582,0.000180922
0.0435223,0.0241445,0.000174712
0.0435453,0.0183275,0.000169098
0.0435683,0.00308703,0.00016408
0.0435913,0.00562766,0.000159644
0.0436143,-0.00335388,0.000155829
0.0436373,-0.0192682,0.000152525
0.0436603,-0.0166184,0.000149757
0.0436833,-0.00410084,0.000147492
0.0437063,0.00303347,0.00014567
0.0437293,-5.39527e-06,0.00014421
0.0437523,0.000713021,0.0001431
0.0437753,0.020852,0.000142191
0.0437983,0.0106962,0.000141494
0.0438213,0.0159362,0.00014089
0.0438443,0.0159401,0.000140302
0.0438673,0.0153156,0.000139736
0.0438903,0.0102127,0.000139028
0.0439133,0.0029631,0.000138219
0.0439363,0.00846488,0.000137232
0.0439593,-0.00333407,0.000136029
0.0439823,-0.00141163,0.000134703
0.0440053,0.00156435,0.000133146
0.0440283,0.00162371,0.000131439
0.0440513,0.000662958,0.000129499
0.0440743,0.000180543,0.00012736
0.0440973,0.000143756,0.000125106
0.0441204,-0.0054658,0.00012254
0.0441434,-0.0215549,0.000119787
0.0441664,-0.00368407,0.000116739
0.0441894,-0.00204422,0.000113424
0.0442124,-0.00540342,0.000109743
0.0442354,0.00077801,0.000105757
0.0442584,-0.00674724,0.000101384
0.0442814,-0.00184412,9.66378e-05
0.0443044,-0.0143193,9.14671e-05
0.0443274,-0.0174548,8.59424e-05
0.0443504,-0.010564,7.99485e-05
0.0443734,-0.0291708,7.35223e-05
0.0443964,-0.0241464,6.66454e-05
0.0444194,-0.0126327,5.93066e-05
0.0444424,-0.0230097,5.1491e-05
0.0444654,-0.0128379,4.31277e-05
0.0444884,-0.0207704,3.4295e-05
0.0445114,-0.00595798,2.48924e-05
0.0445344,0.00291618,1.49496e-05
0.0445574,-0.00112187,4.51878e-06
0.0445804,-0.0133687,-6.4224e-06
0.0446034,-0.0079129,-1.78739e-05
0.0446264,-0.000473397,-2.98396e-05
0.0446494,0.00362256,-4.22951e-05
0.0446724,0.00256594,-5.52516e-05
0.0446954,0.00121035,-6.87018e-05
0.0447184,0.00494045,-8.26288e-05
0.0447414,0.000594277,-9.69879e-05
0.0447644,-0.0045716,-0.000111785
0.0447874,-0.0113468,-0.000126967
0.0448105,0.00302646,-0.000142518
0.0448335,0.0109916,-0.000158362
0.0448565,0.0129815,-0.000174526
0.0448795,0.00709222,-0.000190945
0.0449025,0.00574068,-0.000207596
0.0449255,0.00428871,-0.000224506
0.0449485,0.0100809,-0.00024166
0.0449715,0.0128991,-0.000259068
0.0449945,-0.00676501,-0.000276747
0.0450175,-0.0177044,-0.000294725
0.0450405,-0.0105962,-0.000313003
0.0450635,-0.010961,-0.000331597
0.0450865,-0.00535536,-0.000350527
0.0451095,0.000638788,-0.000369787
0.0451325,0.00187852,-0.000389347
0.0451555,-0.00600905,-0.000409199
0.0451785,-0.00877615,-0.000429315
0.0452015,-0.00314484,-0.000449657
0.0452245,-0.011308,-0.000470183
0.0452475,-0.0132259,-0.000490861
0.0452705,-0.0104019,-0.000511646
0.0452935,-0.0179673,-0.000532499
0.0453165,-0.00400899,-0.000553383
0.0453395,-0.00627893,-0.000574263
0.0453625,-0.0190212,-0.000595109
0.0453855,-0.00562768,-0.000615896
0.0454085,0.00719234,-0.000636607
0.0454315,0.017572,-0.000657225
0.0454545,0.0102677,-0.000677729
0.0454776,0.00195897,-0.000698108
0.0455006,0.00833202,-0.000718346
0.0455236,0.0072412,-0.000738421
0.0455466,0.00221475,-0.000758305
0.0455696,0.00107621,-0.000777985
0.0455926,-0.00448151,-0.000797419
0.0456156,-0.0215434,-0.000816615
0.0456386,-0.00990345,-0.000835554
0.0456616,-0.00345969,-0.000854244
0.0456846,-0.00634997,-0.00087267
0.0457076,0.00513229,-0.000890844
0.0457306,-0.00230652,-0.000908735
0.0457536,1.54366e-05,-0.000926368
0.0457766,0.0102093,-0.000943731
0.0457996,0.00789899,-0.000960827
0.0458226,0.0170134,-0.000977645
0.0458456,-0.00335575,-0.000994191
0.0458686,-0.0127254,-0.00101047
0.0458916,-0.0113033,-0.00102647
0.0459146,0.0121825,-0.00104219
0.0459376,-0.00113301,-0.00105763
0.0459606,0.00752926,-0.00107278
0.0459836,0.000399648,-0.00108763
0.0460066,-0.00722465,-0.00110219
0.0460296,-0.0129783,-0.00111644
0.0460526,0.000291693,-0.00113037
0.0460756,0.00298465,-0.00114401
0.0460986,0.0150683,-0.00115737
0.0461216,0.00281879,-0.00117046
0.0461446,-0.00860711,-0.0011833
0.0461676,0.00123865,-0.00119591
0.0461907,-0.00245151,-0.00120831
0.0462137,0.0133532,-0.00122051
0.0462367,-0.001611,-0.00123253
0.0462597,-0.00239768,-0.00124438
0.0462827,0.00632797,-0.00125609
0.0463057,0.0216301,-0.00126768
0.0463287,0.017055,-0.00127916
0.0463517,0.000775663,-0.00129054
0.0463747,0.00768241,-0.00130185
0.0463977,0.00819771,-0.00131314
0.0464207,0.0135241,-0.00132442
0.0464437,0.0032957,-0.00133574
0.0464667,0.00879004,-0.00134716
0.0464897,0.0146597,-0.00135873
0.0465127,0.0219195,-0.0013705
0.0465357,0.0165416,-0.00138249
0.0465587,0.012168,-0.00139476
0.0465817,0.0124075,-0.00140731
0.0466047,-0.00300135,-0.00142017
0.0466277,-0.0153106,-0.00143336
0.0466507,-0.0187547,-0.00144686
0.0466737,-0.0187269,-0.00146068
0.0466967,-0.000749462,-0.00147481
0.0467197,-0.00553359,-0.00148921
0.0467427,-0.00271908,-0.00150385
0.0467657,-0.0043903,-0.00151873
0.0467887,-0.0023708,-0.00153381
0.0468117,0.00201417,-0.00154915
0.0468347,-0.00954845,-0.00156476
0.0468577,-0.0092128,-0.00158059
0.0468808,0.0056654,-0.00159672
0.0469038,0.00248952,-0.00161315
0.0469268,-0.0102194,-0.00162987
0.0469498,0.00453083,-0.00164688
0.0469728,0.0201057,-0.00166421
0.0469958,0.0225279,-0.00168183
0.0470188,0.00687429,-0.00169978
0.0470418,-0.00131428,-0.00171798
0.0470648,0.00387311,-0.00173641
0.0470878,-0.00987511,-0.00175501
0.0471108,-0.0155784,-0.0017738
0.0471338,0.00137548,-0.00179269
0.0471568,0.00568331,-0.00181162
0.0471798,-0.0104961,-0.00183059
0.0472028,-0.0172334,-0.0018495
0.0472258,-0.00455007,-0.00186826
0.0472488,-0.00861545,-0.00188683
0.0472718,-0.0245933,-0.00190519
0.0472948,-0.0145522,-0.00192327
0.0473178,0.000554167,-0.00194098
0.0473408,0.00273797,-0.0019583
0.0473638,-0.0130924,-0.00197521
0.0473868,-0.0106579,-0.00199164
0.0474098,0.00253672,-0.00200758
0.0474328,0.00327096,-0.00202289
0.0474558,0.00459563,-0.00203755
0.0474788,0.00781432,-0.00205156
0.0475018,-0.013803,-0.00206494
0.0475248,-0.00131211,-0.00207756
0.0475478,-0.00729879,-0.0020895
0.0475709,0.00193211,-0.00210072
0.0475939,-0.00414225,-0.0021113
0.0476169,0.00481115,-0.00212119
0.0476399,0.000929066,-0.00213054
0.0476629,-0.0161951,-0.00213932
0.0476859,-0.00676397,-0.00214765
0.0477089,-0.00375638,-0.0021555
0.0477319,-0.0135703,-0.00216292
0.0477549,-0.00119585,-0.00217011
0.0477779,0.0150528,-0.00217694
0.0478009,0.0292213,-0.00218363
0.0478239,0.000724405,-0.00219008
0.0478469,0.00846375,-0.00219648
0.0478699,0.00685805,-0.00220281
0.0478929,0.00469349,-0.00220919
0.0479159,-0.00604542,-0.00221562
0.0479389,0.00493112,-0.00222221
0.0479619,-0.00374031,-0.00222898
0.0479849,-0.00241667,-0.00223601
0.0480079,-0.00963056,-0.00224333
0.0480309,-0.0180873,-0.002251
0.0480539,-0.0143474,-0.00225899
0.0480769,-0.0104307,-0.00226737
0.0480999,-0.0076623,-0.00227614
0.0481229,-0.000217333,-0.00228528
0.0481459,0.00437178,-0.00229482
0.0481689,-0.00959598,-0.00230476
0.0481919,-0.00588705,-0.00231507
0.0482149,-0.00645069,-0.0023258
0.0482379,-0.0030856,-0.00233692
0.0482609,-0.014295,-0.00234845
0.048284,0.00184444,-0.00236036
0.048307,0.00242041,-0.00237266
0.04833,0.0042159,-0.0023853
0.048353,-0.000675486,-0.00239829
0.048376,-0.0167724,-0.00241162
0.048399,-0.00296852,-0.00242527
0.048422,-0.00790545,-0.00243921
0.048445,-0.0118883,-0.00245345
0.048468,-0.00971079,-0.00246794
0.048491,-0.0111693,-0.00248266
0.048514,-0.0133162,-0.00249759
0.048537,-0.0180444,-0.0025127
0.04856,-0.00479621,-0.00252796
0.048583,0.00773412,-0.00254335
0.048606,0.00133637,-0.0025588
0.048629,-0.000465579,-0.00257427
0.048652,-0.00781522,-0.0025897
0.048675,-0.00788554,-0.00260504
0.048698,-0.0222565,-0.00262023
0.048721,-0.010681,-0.00263522
0.048744,-0.0137529,-0.00264996
0.048767,-0.00911786,-0.00266439
0.04879,-0.01026,-0.00267847
0.048813,0.00830466,-0.00269216
0.048836,-0.00200649,-0.00270543
0.048859,-0.0147621,-0.00271824
0.048882,-0.0119433,-0.00273057
0.048905,-0.0120664,-0.00274243
0.048928,0.0117743,-0.0027538
0.048951,-0.00895562,-0.00276468
0.0489741,-0.00466685,-0.00277505
0.0489971,-0.00506803,-0.00278492
0.0490201,-0.00443723,-0.00279428
0.0490431,0.00225185,-0.0028031
0.0490661,-0.00123732,-0.00281141
0.0490891,-0.00311636,-0.00281915
0.0491121,-0.0181793,-0.00282634
0.0491351,-0.0161709,-0.00283296
0.0491581,-0.00875464,-0.002839
0.0491811,-0.00191207,-0.00284445
0.0492041,-0.0207399,-0.00284931
0.0492271,-0.0137495,-0.00285354
0.0492501,-0.00522489,-0.00285719
0.0492731,-0.00571084,-0.00286021
0.0492961,0.00612393,-0.0028626
0.0493191,4.99837e-05,-0.00286438
0.0493421,-0.0101313,-0.00286551
0.0493651,-0.0122457,-0.002866
0.0493881,-0.0121479,-0.00286587
0.0494111,-0.0122003,-0.00286513
0.0494341,-0.0167678,-0.00286379
0.0494571,-0.0134813,-0.00286186
0.0494801,-0.0116289,-0.00285939
0.0495031,-0.0165721,-0.00285634
0.0495261,-0.00850877,-0.00285274
0.0495491,-0.00391786,-0.00284863
0.0495721,0.0181764,-0.002844
0.0495951,0.0228445,-0.00283889
0.0496181,0.0118495,-0.00283327
0.0496411,0.0083671,-0.00282718
0.0496642,0.027334,-0.00282064
0.0496872,0.018609,-0.00281361
0.0497102,0.00258383,-0.00280612
0.0497332,0.00766028,-0.00279815
0.0497562,0.00637795,-0.00278975
0.0497792,0.00630102,-0.00278085
0.0498022,0.00680633,-0.00277147
0.0498252,-0.00321077,-0.00276164
0.0498482,-0.0145079,-0.00275135
0.0498712,-0.0120442,-0.00274065
0.0498942,-0.000251903,-0.00272952
0.0499172,0.00770629,-0.00271802
0.0499402,0.0146378,-0.00270614
0.0499632,0.00625399,-0.00269394
0.0499862,-0.0113409,-0.00268146
0.0500092,0.00314624,-0.00266869
0.0500322,0.000573438,-0.00265566
0.0500552,0.011253,-0.0026424
0.0500782,0.000140461,-0.00262892
0.0501012,0.0249221,-0.00261524
0.0501242,0.0163516,-0.00260134
0.0501472,0.0127772,-0.0025872
0.0501702,0.0244946,-0.00257285
0.0501932,0.0156911,-0.00255822
0.0502162,0.0138775,-0.00254339
0.0502392,0.0122664,-0.00252827
0.0502622,0.00133226,-0.00251293
0.0502852,0.00169227,-0.00249736
0.0503082,0.00367147,-0.00248153
0.0503312,-0.00218677,-0.00246545
0.0503542,-0.00505383,-0.00244917
0.0503773,-0.0032346,-0.00243264
0.0504003,0.00738127,-0.00241591
0.0504233,0.00714699,-0.00239895
0.0504463,-0.00190487,-0.00238182
0.0504693,0.000135588,-0.00236452
0.0504923,-0.00751839,-0.00234711
0.0505153,-0.00864494,-0.0023296
0.0505383,-0.00250022,-0.00231206
0.0505613,-0.0113668,-0.00229453
0.0505843,-0.0133992,-0.00227703
0.0506073,-0.00360919,-0.00225961
0.0506303,-0.0203587,-0.00224227
0.0506533,-0.0107185,-0.00222506
0.0506763,-0.0194584,-0.00220799
0.0506993,-0.0222467,-0.0021911
0.0507223,-0.0224929,-0.00217441
0.0507453,-0.0039838,-0.00215792
0.0507683,-0.00114462,-0.00214169
0.0507913,-0.00421677,-0.00212572
0.0508143,-0.00238369,-0.00211005
0.0508373,-0.0101471,-0.00209473
0.0508603,-0.0184704,-0.00207979
0.0508833,-0.0057372,-0.00206529
0.0509063,-0.000961403,-0.00205126
0.0509293,-0.0135682,-0.00203772
0.0509523,-0.00670054,-0.00202471
0.0509753,-0.0133698,-0.00201224
0.0509983,-0.0148312,-0.00200032
0.0510213,-0.0132716,-0.00198897
0.0510443,0.000241718,-0.00197817
0.0510674,0.0036971,-0.00196793
0.0510904,0.010003,-0.00195826
0.0511134,-0.00371161,-0.00194915
0.0511364,-0.0156326,-0.0019406
0.0511594,-0.0097875,-0.00193262
0.0511824,-0.0053574,-0.00192522
0.0512054,-0.00446338,-0.0019184
0.0512284,-0.013716,-0.00191216
0.0512514,-0.00438028,-0.00190655
0.0512744,-0.00467068,-0.00190153
0.0512974,-0.0133829,-0.00189715
0.0513204,-0.00835366,-0.0018934
0.0513434,0.00728328,-0.00189028
0.0513664,0.00436386,-0.00188781
0.0513894,-0.00975996,-0.00188598
0.0514124,-0.00736274,-0.00188478
0.0514354,-0.00360408,-0.00188419
0.0514584,-0.00792153,-0.0018842
0.0514814,0.00332496,-0.00188476
0.0515044,0.0232097,-0.00188585
0.0515274,0.0227568,-0.00188743
0.0515504,0.00120332,-0.00188943
0.0515734,-0.00619062,-0.00189183
0.0515964,0.00631911,-0.00189458
0.0516194,0.00251996,-0.00189762
0.0516424,0.0144224,-0.00190092
0.0516654,0.0144783,-0.00190445
0.0516884,0.00400318,-0.00190816
0.0517114,0.000252286,-0.00191205
0.0517345,-0.00474318,-0.00191608
0.0517575,0.000525315,-0.00192021
0.0517805,-0.00634572,-0.00192442
0.0518035,0.002848,-0.00192868
0.0518265,0.00371275,-0.00193295
0.0518495,0.00525958,-0.00193723
0.0518725,-0.00315493,-0.00194147
0.0518955,-0.00444307,-0.00194567
0.0519185,-0.012134,-0.00194981
0.0519415,-0.0158057,-0.00195388
0.0519645,-0.0230128,-0.00195788
0.0519875,-0.0267141,-0.00196179
0.0520105,-0.0126812,-0.00196558
0.0520335,-0.00587742,-0.00196926
0.0520565,-0.000440277,-0.0019728
0.0520795,0.00883945,-0.00197617
0.0521025,0.00799055,-0.00197935
0.0521255,0.00495649,-0.00198232
0.0521485,-0.00188714,-0.00198507
0.0521715,0.00318949,-0.00198757
0.0521945,0.00308208,-0.0019898
0.0522175,0.00354977,-0.00199169
0.0522405,0.0116835,-0.0019932
0.0522635,-0.00229542,-0.0019943
0.0522865,-0.00523104,-0.00199491
0.0523095,0.00458364,-0.00199504
0.0523325,0.00578855,-0.00199461
0.0523555,0.000902193,-0.00199359
0.0523785,0.00269421,-0.00199197
0.0524015,0.0116407,-0.00198973
0.0524246,0.00301061,-0.00198681
0.0524476,-0.0156994,-0.00198323
0.0524706,-0.00157058,-0.00197894
0.0524936,-0.00694555,-0.0019739
0.0525166,-0.00708161,-0.00196813
0.0525396,-0.00865985,-0.00196158
0.0525626,-0.0126798,-0.00195423
0.0525856,-0.00680185,-0.0019461
0.0526086,-0.013703,-0.0019372
0.0526316,0.00146457,-0.00192748
0.0526546,-0.00181127,-0.00191705
0.0526776,-0.00131726,-0.00190589
0.0527006,-0.00753523,-0.001894
0.0527236,-0.0055465,-0.0018815
0.0527466,-0.00703418,-0.00186833
0.0527696,-0.0168979,-0.00185451
0.0527926,-0.00324437,-0.00184011
0.0528156,-0.00607391,-0.0018251
0.0528386,0.00333346,-0.00180953
0.0528616,0.000757353,-0.00179337
0.0528846,0.00102753,-0.00177671
0.0529076,-0.00257554,-0.00175955
0.0529306,-0.00869504,-0.00174192
0.0529536,-0.0212662,-0.0017238
0.0529766,-0.0114761,-0.00170526
0.0529996,-0.000501862,-0.00168638
0.0530226,-0.00504162,-0.0016672
0.0530456,-0.000355726,-0.00164776
0.0530686,-0.00275943,-0.00162808
0.0530916,-0.00332848,-0.00160822
0.0531146,0.0206153,-0.00158823
0.0531377,0.018981,-0.00156816
0.0531607,0.0138474,-0.00154801
0.0531837,0.0120254,-0.00152791
0.0532067,-0.00550546,-0.00150787
0.0532297,-0.00980904,-0.00148797
0.0532527,-0.00433218,-0.00146826
0.0532757,-0.00399875,-0.0014488
0.0532987,-0.00880201,-0.00142964
0.0533217,-0.00662006,-0.00141082
0.0533447,0.00216183,-0.00139238
0.0533677,0.00816662,-0.00137436
0.0533907,-0.00291747,-0.00135673
0.0534137,-0.00783838,-0.00133952
0.0534367,0.0125326,-0.00132274
0.0534597,0.0115401,-0.00130639
0.0534827,0.00798146,-0.00129045
0.0535057,-0.00973743,-0.001275
0.0535287,-0.0132913,-0.00125993
0.0535517,-0.0223877,-0.00124528
0.0535747,-0.0189064,-0.00123103
0.0535977,0.00211197,-0.00121713
0.0536207,0.0173766,-0.00120356
0.0536437,0.0161344,-0.00119026
0.0536667,0.000256337,-0.00117723
0.0536897,-0.002228,-0.00116442
0.0537127,-0.00340456,-0.00115179
0.0537357,0.0122901,-0.00113933
0.0537587,0.00743825,-0.00112697
0.0537817,0.00737101,-0.0011147
0.0538047,-0.00249767,-0.00110244
0.0538278,-0.0112326,-0.00109022
0.0538508,-0.0100008,-0.00107794
0.0538738,-0.0182318,-0.00106562
0.0538968,0.000618559,-0.00105317
0.0539198,0.00869208,-0.00104056
0.0539428,0.00416552,-0.00102776
0.0539658,0.00300454,-0.00101475
0.0539888,0.0106793,-0.00100149
0.0540118,-0.000658884,-0.000987913
0.0540348,-0.00467267,-0.000974055
0.0540578,-0.00419701,-0.000959843
0.0540808,0.000279722,-0.000945352
0.0541038,0.00461597,-0.000930514
0.0541268,-0.000931464,-0.00091533
0.0541498,-0.0119126,-0.000899851
0.0541728,-0.00794657,-0.000884071
0.0541958,-0.00749938,-0.000867981
0.0542188,-0.00387479,-0.000851687
0.0542418,-0.00279639,-0.000835117
0.0542648,-0.00195763,-0.000818327
0.0542878,-0.000359037,-0.000801314
0.0543108,-0.0122332,-0.000784133
0.0543338,-0.00463043,-0.000766851
0.0543568,-0.00504546,-0.000749413
0.0543798,-0.0165362,-0.000731878
0.0544028,-0.00478174,-0.000714257
0.0544258,0.00357673,-0.000696644
0.0544488,0.0123263,-0.000678953
0.0544718,0.0160812,-0.000661362
0.0544948,0.00341618,-0.00064379
0.0545179,0.0179628,-0.000626355
0.0545409,-0.00553667,-0.000609044
0.0545639,0.00293952,-0.000591908
0.0545869,0.00598702,-0.000575006
0.0546099,0.0173447,-0.000558376
0.0546329,0.0123015,-0.000542071
0.0546559,0.0105117,-0.000526167
0.0546789,-0.00673804,-0.000510693
0.0547019,0.00411077,-0.000495683
0.0547249,-0.00851054,-0.000481196
0.0547479,-0.00920815,-0.000467323
0.0547709,-0.0102616,-0.000454046
0.0547939,0.0028541,-0.000441462
0.0548169,0.00225236,-0.000429563
0.0548399,-0.0100248,-0.000418391
0.0548629,-0.00674761,-0.000407957
0.0548859,-0.014531,-0.000398271
0.0549089,0.000764426,-0.000389352
0.0549319,0.00338835,-0.000381239
0.0549549,-0.0129771,-0.000373924
0.0549779,-0.00614146,-0.000367416
0.0550009,-0.0115259,-0.000361726
0.0550239,-0.0139997,-0.000356786
0.0550469,-0.00372166,-0.000352606
0.0550699,-0.0066772,-0.000349164
0.0550929,0.0022846,-0.000346433
0.0551159,0.00189695,-0.000344388
0.0551389,-0.00943071,-0.000343019
0.0551619,-0.012779,-0.000342308
0.0551849,-0.0127081,-0.000342267
0.0552079,0.00361068,-0.000342885
0.055231,0.00371421,-0.000344158
0.055254,0.0068333,-0.000346064
0.055277,0.0164365,-0.000348615
0.0553,0.0179183,-0.000351777
0.055323,-0.00373574,-0.000355556
0.055346,-8.96476e-05,-0.000359948
0.055369,-0.00579893,-0.000364952
0.055392,0.00875277,-0.00037055
0.055415,0.00165148,-0.000376757
0.055438,-0.00871637,-0.00038356
0.055461,0.00110634,-0.000390954
0.055484,-0.00340122,-0.000398932
0.055507,0.00617846,-0.000407488
0.05553,-0.00166335,-0.000416612
0.055553,-0.000764721,-0.000426281
0.055576,0.0140711,-0.000436485
0.055599,0.0172614,-0.000447194
0.055622,-4.12986e-05,-0.000458358
0.055645,-0.00931096,-0.000469975
0.055668,-0.00221323,-0.000482003
0.055691,-0.000352729,-0.000494427
0.055714,0.00410713,-0.000507185
0.055737,0.00443548,-0.000520267
0.05576,0.0179115,-0.000533625
0.055783,0.00911254,-0.000547254
0.055806,0.0161882,-0.000561122
0.055829,0.00294859,-0.00057517
0.055852,-0.0140529,-0.000589419
0.055875,-0.00610445,-0.000603849
0.055898,-0.00729466,-0.000618393
0.0559211,0.0056472,-0.000633093
0.0559441,-0.00257574,-0.000647895
0.0559671,-0.00939162,-0.0006628
0.0559901,-0.0147594,-0.000677774
0.0560131,-0.00575699,-0.000692789
0.0560361,-0.0107257,-0.00070782
0.0560591,-0.00512365,-0.000722837
0.0560821,0.00763313,-0.000737801
0.0561051,0.00571043,-0.00075274
0.0561281,0.00691896,-0.00076763
0.0561511,0.0149329,-0.000782445
0.0561741,0.011401,-0.000797257
0.0561971,-0.00447006,-0.000812087
0.0562201,-0.0039474,-0.00082694
0.0562431,-0.00567028,-0.00084186
0.0562661,0.00235412,-0.000856843
0.0562891,-0.00153567,-0.000871882
0.0563121,-0.0136506,-0.000887036
0.0563351,-0.0127582,-0.000902303
0.0563581,0.00564636,-0.000917688
0.0563811,0.00718917,-0.0009332
0.0564041,0.0029838,-0.000948783
0.0564271,-0.00255827,-0.000964519
0.0564501,0.00364351,-0.0009804
0.0564731,-0.000890719,-0.00099637
0.0564961,0.00601274,-0.00101247
0.0565191,0.000963132,-0.00102868
0.0565421,-0.00139306,-0.00104502
0.0565651,0.00551363,-0.00106141
0.0565881,0.0113226,-0.00107792
0.0566112,0.00599693,-0.00109445
0.0566342,0.00431312,-0.00111102
0.0566572,0.00451961,-0.00112761
0.0566802,-0.0050859,-0.00114411
0.0567032,0.000444363,-0.00116063
0.0567262,-0.00592901,-0.00117712
0.0567492,-0.0012117,-0.0011936
0.0567722,-0.00159582,-0.00121007
0.0567952,0.00380172,-0.00122655
0.0568182,0.00655206,-0.00124307
0.0568412,0.014646,-0.00125961
0.0568642,0.00669866,-0.00127612
0.0568872,0.0080808,-0.00129262
0.0569102,0.0100699,-0.00130916
0.0569332,0.00773382,-0.0013257
0.0569562,0.013004,-0.00134224
0.0569792,0.0113766,-0.00135884
0.0570022,0.00138413,-0.00137544
0.0570252,-0.00361108,-0.0013921
0.0570482,-0.000917613,-0.0014088
0.0570712,-0.00686676,-0.00142554
0.0570942,-0.0123034,-0.00144236
0.0571172,-0.00198175,-0.00145921
0.0571402,-0.00868208,-0.00147609
0.0571632,-0.010358,-0.00149301
0.0571862,-0.0178726,-0.00150988
0.0572092,-0.00675559,-0.00152684
0.0572322,-0.00814666,-0.00154378
0.0572552,-0.00335808,-0.00156062
0.0572782,-0.000440139,-0.0015775
0.0573013,-0.0109683,-0.00159431
0.0573243,-0.0151341,-0.0016112
0.0573473,-0.0136429,-0.001628
0.0573703,0.000350544,-0.00164487
0.0573933,-0.00562458,-0.00166176
0.0574163,0.00249003,-0.00167868
0.0574393,0.00225167,-0.00169564
0.0574623,-0.00662076,-0.00171268
0.0574853,0.00194741,-0.00172975
0.0575083,-0.00380467,-0.00174698
0.0575313,-8.19974e-05,-0.00176425
0.0575543,-0.00124272,-0.00178169
0.0575773,-0.00645404,-0.00179925
0.0576003,-0.00325877,-0.00181696
0.0576233,-0.00305369,-0.00183488
0.0576463,0.00794331,-0.00185296
0.0576693,-0.0170928,-0.00187124
0.0576923,-0.00802106,-0.00188967
0.0577153,-0.00983135,-0.00190829
0.0577383,-0.0179003,-0.00192707
0.0577613,-0.0119194,-0.00194599
0.0577843,-0.00846414,-0.00196502
0.0578073,-0.00809426,-0.00198424
0.0578303,-0.00814057,-0.0020035
0.0578533,0.00143018,-0.00202282
0.0578763,-0.00378692,-0.00204218
0.0578993,-0.0062726,-0.00206154
0.0579223,-0.00621275,-0.00208087
0.0579453,-0.00605486,-0.00210009
0.0579683,-0.010156,-0.0021193
0.0579914,-0.00951779,-0.00213837
0.0580144,0.00167421,-0.00215724
0.0580374,0.0036639,-0.00217598
0.0580604,0.0101405,-0.00219443
0.0580834,0.00728156,-0.00221265
0.0581064,0.00123796,-0.00223056
0.0581294,0.00631505,-0.0022482
0.0581524,0.00605045,-0.00226546
0.0581754,0.0147348,-0.00228237
0.0581984,-0.00442318,-0.00229894
0.0582214,-0.00538331,-0.00231512
0.0582444,0.0086297,-0.00233094
0.0582674,-0.0092049,-0.00234636
0.0582904,-0.00149152,-0.00236141
0.0583134,-0.00218559,-0.00237605
0.0583364,-0.000530152,-0.00239025
0.0583594,-0.000933056,-0.00240409
0.0583824,-0.0126905,-0.00241753
0.0584054,-0.0139295,-0.00243058
0.0584284,-0.00980762,-0.00244326
0.0584514,-0.00992485,-0.00245555
0.0584744,-0.00835055,-0.00246745
0.0584974,0.00145295,-0.00247894
0.0585204,-0.0105324,-0.00249001
0.0585434,-0.0133249,-0.00250066
0.0585664,-0.0100117,-0.00251084
0.0585894,-0.0100643,-0.00252057
0.0586124,-0.00249872,-0.00252983
0.0586354,-0.00119771,-0.00253862
0.0586584,0.0105954,-0.00254691
0.0586815,-0.00292245,-0.00255472
0.0587045,-0.00395685,-0.00256202
0.0587275,0.0045282,-0.0025688
0.0587505,0.00352071,-0.00257503
0.0587735,0.00800738,-0.00258067
0.0587965,0.000188781,-0.00258568
0.0588195,-0.00585709,-0.00259004
0.0588425,-0.00331737,-0.00259372
0.0588655,-0.00907835,-0.00259669
0.0588885,0.00291968,-0.00259896
0.0589115,-0.0068546,-0.00260052
0.0589345,-0.0125378,-0.00260132
0.0589575,-0.00465075,-0.00260134
0.0589805,0.00462442,-0.00260057
0.0590035,0.00500527,-0.00259898
0.0590265,0.00769759,-0.00259653
0.0590495,0.00486845,-0.00259322
0.0590725,0.00126207,-0.002589
0.0590955,0.0148561,-0.00258389
0.0591185,-0.000372506,-0.00257786
0.0591415,-0.0131215,-0.00257094
0.0591645,-0.0253376,-0.0025631
0.0591875,-0.0152493,-0.00255437
0.0592105,-0.0191726,-0.00254473
0.0592335,-0.00703757,-0.00253419
0.0592565,-0.00425784,-0.00252274
0.0592795,-0.0116424,-0.00251032
0.0593025,-0.00379978,-0.00249701
0.0593255,0.00422631,-0.00248275
0.0593485,-0.010654,-0.00246754
0.0593715,-0.0151,-0.00245133
0.0593946,-0.00882532,-0.00243421
0.0594176,-0.0108812,-0.00241613
0.0594406,-0.00730635,-0.00239711
0.0594636,0.000109235,-0.00237719
0.0594866,0.0109976,-0.0023564
0.0595096,0.00296732,-0.00233471
0.0595326,0.0101415,-0.0023122
0.0595556,0.0127429,-0.00228889
0.0595786,0.00533756,-0.00226485
0.0596016,-0.00208027,-0.00224004
0.0596246,0.00424845,-0.00221448
0.0596476,-0.000604228,-0.00218831
0.0596706,0.00981773,-0.00216152
0.0596936,0.0115395,-0.00213414
0.0597166,0.000988603,-0.00210618
0.0597396,-0.0123209,-0.00207773
0.0597626,-0.0111612,-0.00204886
0.0597856,-0.013111,-0.00201949
0.0598086,-0.00866628,-0.00198973
0.0598316,0.00872952,-0.00195964
0.0598546,0.00107425,-0.00192917
0.0598776,-0.00316346,-0.00189846
0.0599006,-0.00588072,-0.00186744
0.0599236,-0.0116323,-0.00183623
0.0599466,-0.0136181,-0.00180487
0.0599696,-0.00312762,-0.00177333
0.0599926,0.00307694,-0.00174167
0.0600156,0.00247151,-0.00170994
0.0600386,-0.0036915,-0.00167813
0.0600616,-0.00340642,-0.0016463
0.0600847,-0.00324307,-0.00161441
0.0601077,0.00774116,-0.00158245
0.0601307,0.00915934,-0.00155053
0.0601537,0.00841718,-0.00151854
0.0601767,0.00446677,-0.00148631
0.0601997,0.00738164,-0.00145426
0.0602227,0.000921532,-0.00142193
0.0602457,-0.00526791,-0.00138959
0.0602687,-0.00850519,-0.0013572
0.0602917,-0.0043491,-0.00132474
0.0603147,-0.0117578,-0.00129204
0.0603377,-0.0139627,-0.00125916
0.0603607,-0.0095523,-0.00122602
0.0603837,-0.0161884,-0.00119335
0.0604067,-0.00190172,-0.00115985
0.0604297,-0.00725249,-0.00112648
0.0604527,-0.010437,-0.00109277
0.0604757,-0.00177832,-0.00105905
0.0604987,-0.00112928,-0.00102546
0.0605217,0.00477434,-0.000991359
0.0605447,0.0139648,-0.000956759
0.0605677,0.00423403,-0.000922196
0.0605907,-0.00694906,-0.000887692
0.0606137,0.000792484,-0.000852503
0.0606367,-0.00539928,-0.000817381
0.0606597,-0.0101948,-0.000781961
0.0606827,0.00176786,-0.000746064
0.0607057,0.00567237,-0.000710495
0.0607287,0.00956278,-0.000673749
0.0607517,0.00511646,-0.000637934
0.0607748,0.00514467,-0.000600234
0.0607978,-0.0144008,-0.000563852
0.0608208,-0.0135497,-0.000526488
0.0608438,-0.0039783,-0.000487834
0.0608668,-0.0020367,-0.00044997
0.0608898,-0.0113316,-0.00041198
0.0609128,-0.0103995,-0.000373058
0.0609358,0.0017487,-0.000333048
0.0609588,0.00742815,-0.000294469
0.0609818,0.00269565,-0.000255525
0.0610048,-0.000748789,-0.000213958
0.0610278,-0.000230199,-0.000173822
0.0610508,-0.00539233,-0.00013341
0.0610738,0.000114533,-9.21413e-05
0.0610968,0.00156135,-5.1491e-05
0.0611198,-0.0019957,-1.08853e-05
0.0611428,-0.00208967,3.1136e-05
0.0611658,-0.00208771,7.21514e-05
0.0611888,-0.00306862,0.000116736
0.0612118,-0.00790727,0.000159018
0.0612348,-0.000651976,0.000202797
0.0612578,-0.00453509,0.00024645
0.0612808,-0.00863326,0.000289746
0.0613038,0.00384951,0.000333324
0.0613268,0.00655275,0.000377104
0.0613498,-0.00315822,0.000419952
0.0613728,0.0101596,0.000466898
0.0613958,0.00926422,0.000511192
0.0614188,0.00184503,0.000556588
0.0614418,-0.0190484,0.000604555
0.0614648,-0.0220767,0.00064972
0.0614879,-0.00260057,0.00070031
0.0615109,0.00916366,0.000749126
0.0615339,0.0103391,0.000795871
0.0615569,0.00689101,0.000844344
0.0615799,0.0110204,0.000893041
0.0616029,0.000237205,0.000942662
0.0616259,0.000285538,0.000990734
0.0616489,-0.00766221,0.00104593
0.0616719,-0.0010263,0.00109822
0.0616949,-0.00424636,0.00115123
0.0617179,0.00392006,0.00120671
0.0617409,0.00277068,0.00125825
0.0617639,0.0107498,0.00130993
0.0617869,0.0188723,0.00136934
0.0618099,0.0181018,0.00142655
0.0618329,0.0221011,0.00147799
0.0618559,0.00972313,0.00153856
0.0618789,0.00155736,0.0015959
0.0619019,-0.00512384,0.00165953
0.0619249,-0.00374761,0.00171968
0.0619479,-0.01431,0.00177583
0.0619709,-0.0143852,0.00184265
0.0619939,0.000113955,0.00190279
0.0620169,0.00501809,0.00196247
0.0620399,0.0133206,0.00202091
0.0620629,0.00663869,0.00209546
0.0620859,0.000454179,0.00216822
0.0621089,0.000853905,0.00223275
0.0621319,0.00587155,0.00229335
0.0621549,-0.0113662,0.00236818
0.062178,0.000863779,0.00245266
0.062201,0.00138359,0.00251713
0.062224,0.0100581,0.00259575
0.062247,0.00860551,0.00265928
0.06227,0.0127111,0.00274858
0.062293,0.00983802,0.00283217
0.062316,0.0176436,0.00288634
0.062339,0.00774305,0.00296797
0.062362,0.00462981,0.003061
0.062385,-0.00387187,0.00314787
0.062408,-0.00907447,0.00321347
0.062431,-0.00649673,0.00329129
0.062454,-0.00351581,0.00337674
0.062477,-0.00764975,0.00344707
